split,playoffs,game,patch,playerid,side,position,player,team,champion,ban1,ban2,ban3,ban4,ban5,gamelength,result,kills,deaths,assists,teamkills,teamdeaths,doublekills,triplekills,quadrakills,pentakills,firstblood,firstbloodkill,firstbloodassist,firstbloodvictim,team kpm,ckpm,inhibitors,opp_inhibitors,damagetochampions,dpm,damageshare,damagetakenperminute,damagemitigatedperminute,wardsplaced,wpm,wardskilled,wcpm,controlwardsbought,visionscore,vspm,totalgold,earnedgold,earned gpm,earnedgoldshare,goldspent,total cs,minionkills,monsterkills,monsterkillsownjungle,monsterkillsenemyjungle,cspm,goldat10,xpat10,csat10,opp_goldat10,opp_xpat10,opp_csat10,golddiffat10,xpdiffat10,csdiffat10,goldat15,xpat15,csat15,opp_goldat15,opp_xpat15,opp_csat15,golddiffat15,xpdiffat15,csdiffat15
Summer,0,1,10.12,6,Red,top,V1per,Dignitas,Volibear,Varus,Syndra,Aphelios,LeBlanc,Azir,1966,0,0,3,2,5,11,0,0,0,0,1,0,1,0,0.1526,0.4883,1,0,3971,121.1902,0.0925231,528.9217,532.1872,18,0.5493,3,0.0916,7,32,0.9766,10234,5948,181.5259,0.185712,9958,231,224,7,1,0,7.0498,3028,4506,68,3438,5000,87,-410,-494,-19,4625,7249,118,5718,7152,131,-1093,97,-13
Summer,0,1,10.12,7,Red,jng,Akaadian,Dignitas,Nidalee,Varus,Syndra,Aphelios,LeBlanc,Azir,1966,0,0,3,4,5,11,0,0,0,0,1,0,1,0,0.1526,0.4883,0,0,10710,326.8566,0.24954,947.0295,429.5524,35,1.0682,20,0.6104,12,80,2.4415,9942,5656,172.6144,0.176595,9450,218,40,178,131,15,6.6531,3063,3509,61,3222,3222,50,-159,287,11,4697,5808,104,5307,5154,87,-610,654,17
Summer,0,1,10.12,8,Red,mid,Froggen,Dignitas,Twisted Fate,Varus,Syndra,Aphelios,LeBlanc,Azir,1966,0,2,2,1,5,11,0,0,0,0,1,1,0,0,0.1526,0.4883,0,2,9343,285.1373,0.217689,564.4456,378.7996,13,0.3967,1,0.0305,3,16,0.4883,13539,9253,282.3906,0.288907,13350,281,268,13,12,0,8.5758,4071,4565,89,3662,4859,85,409,-294,4,6235,7139,138,5549,7656,145,686,-517,-7
Summer,0,1,10.12,9,Red,bot,Johnsun,Dignitas,Ashe,Varus,Syndra,Aphelios,LeBlanc,Azir,1966,0,2,2,1,5,11,0,0,0,0,0,0,0,0,0.1526,0.4883,0,1,15212,464.2523,0.354435,355.7884,166.3886,14,0.4273,6,0.1831,4,38,1.1597,12766,8480,258.7996,0.264771,11900,297,289,8,8,0,9.0641,3380,3151,90,3170,3141,83,210,10,7,5730,5488,139,4770,5484,125,960,4,14
Summer,0,1,10.12,10,Red,sup,aphromoo,Dignitas,Thresh,Varus,Syndra,Aphelios,LeBlanc,Azir,1966,0,1,1,3,5,11,0,0,0,0,0,0,0,0,0.1526,0.4883,0,0,3683,112.4008,0.0858128,278.4842,261.119,40,1.2208,9,0.2747,13,63,1.9227,6977,2691,82.1261,0.0840159,6825,30,30,0,0,0,0.9156,2452,2929,17,1963,2314,13,489,615,4,3750,3937,23,2964,3238,19,786,699,4
Spring,0,1,10.05,6,Red,top,Huni,Dignitas,Fiora,Senna,Sett,Ornn,LeBlanc,Olaf,1682,0,1,2,2,7,20,0,0,0,0,0,0,0,0,0.2497,0.9631,0,1,8669,309.239,0.223474,491.6647,660.6421,13,0.4637,5,0.1784,4,30,1.0702,9477,5770,205.8264,0.251898,9000,227,223,4,4,0,8.0975,3178,4433,76,3158,4414,76,20,19,0,4553,6705,113,5367,7738,137,-814,-1033,-24
Spring,0,1,10.05,7,Red,jng,Akaadian,Dignitas,Gragas,Senna,Sett,Ornn,LeBlanc,Olaf,1682,0,4,3,2,7,20,0,0,0,0,0,0,0,0,0.2497,0.9631,0,1,10656,380.1189,0.274696,785.3864,586.8014,14,0.4994,0,0,10,18,0.6421,8250,4543,162.0571,0.198332,8050,127,12,115,97,0,4.5303,3389,3148,52,2964,3354,58,425,-206,-6,4762,4992,81,4578,4979,84,184,13,-3
Spring,0,1,10.05,8,Red,mid,Froggen,Dignitas,Qiyana,Senna,Sett,Ornn,LeBlanc,Olaf,1682,0,1,6,2,7,20,0,0,0,0,0,0,0,1,0.2497,0.9631,0,0,6553,233.7574,0.168927,465.5886,232.7586,28,0.9988,17,0.6064,6,61,2.176,8489,4782,170.5826,0.208766,7950,190,187,3,1,0,6.7776,3005,4242,71,4024,5254,90,-1019,-1012,-19,4579,6677,116,6162,8157,153,-1583,-1480,-37
Spring,0,1,10.05,9,Red,bot,Johnsun,Dignitas,Syndra,Senna,Sett,Ornn,LeBlanc,Olaf,1682,0,1,4,3,7,20,0,0,0,0,0,0,0,0,0.2497,0.9631,0,1,10238,365.2081,0.26392,397.063,188.2402,8,0.2854,6,0.214,4,33,1.1772,9570,5863,209.1439,0.255958,8925,239,235,4,0,0,8.5256,3086,3227,76,3416,3359,67,-330,-132,9,5001,5944,136,5045,5054,113,-44,890,23
Spring,0,1,10.05,10,Red,sup,aphromoo,Dignitas,Nautilus,Senna,Sett,Ornn,LeBlanc,Olaf,1682,0,0,5,5,7,20,0,0,0,0,0,0,0,0,0.2497,0.9631,0,0,2676,95.4578,0.0689833,452.2473,719.7503,25,0.8918,9,0.321,10,47,1.6766,5655,1948,69.4887,0.0850462,5100,31,31,0,0,0,1.1058,2110,2233,10,2280,2478,11,-170,-245,-1,3064,3523,17,3312,3867,21,-248,-344,-4
Summer,0,1,10.12,1,Blue,top,Lourlo,Dignitas,Ornn,Syndra,Kalista,Trundle,Aatrox,Gangplank,2776,0,2,0,3,9,10,0,0,0,0,0,0,0,0,0.1945,0.4107,0,2,11311,244.4741,0.20315,707.1182,1331.1744,21,0.4539,7,0.1513,4,42,0.9078,17727,11788,254.7839,0.238159,16900,419,404,15,7,0,9.0562,3390,4602,78,3990,4759,85,-600,-157,-7,5094,7290,130,5948,7767,137,-854,-477,-7
Summer,0,1,10.12,2,Blue,jng,Akaadian,Dignitas,Olaf,Syndra,Kalista,Trundle,Aatrox,Gangplank,2776,0,1,5,1,9,10,0,0,0,0,0,0,0,0,0.1945,0.4107,0,0,13342,288.3718,0.239628,795.2161,783.0692,14,0.3026,18,0.389,14,65,1.4049,13676,7737,167.2262,0.156317,12375,268,89,179,134,3,5.7925,3131,3620,71,3131,3182,56,0,438,15,5021,5527,106,5337,5524,94,-316,3,12
Summer,0,1,10.12,3,Blue,mid,Froggen,Dignitas,Karma,Syndra,Kalista,Trundle,Aatrox,Gangplank,2776,0,0,2,7,9,10,0,0,0,0,1,0,1,0,0.1945,0.4107,0,0,7562,163.4438,0.135817,250.4179,225.1297,29,0.6268,2,0.0432,13,42,0.9078,14790,8851,191.304,0.178823,13675,319,299,20,20,0,6.8948,3487,4468,89,3703,4813,91,-216,-345,-2,5782,7341,142,6277,8013,147,-495,-672,-5
Summer,0,1,10.12,4,Blue,bot,Johnsun,Dignitas,Aphelios,Syndra,Kalista,Trundle,Aatrox,Gangplank,2776,0,6,1,0,9,10,0,0,0,0,1,1,0,0,0.1945,0.4107,0,1,19651,424.7334,0.35294,133.0548,515.8357,24,0.5187,29,0.6268,7,82,1.7723,23889,17950,387.9683,0.36265,20950,544,513,31,20,0,11.7579,3591,3129,81,3199,3225,79,392,-96,2,5737,5506,124,5934,5921,126,-197,-415,-2
Summer,0,1,10.12,5,Blue,sup,aphromoo,Dignitas,Thresh,Syndra,Kalista,Trundle,Aatrox,Gangplank,2776,0,0,2,6,9,10,0,0,0,0,1,0,1,0,0.1945,0.4107,0,0,3812,82.3919,0.0684651,235.1801,127.3919,66,1.4265,14,0.3026,20,122,2.6369,9109,3170,68.5159,0.0640505,8650,35,31,4,4,0,0.7565,2286,2705,17,2191,2527,19,95,178,-2,3310,3441,23,3592,4106,25,-282,-665,-2
Summer,0,1,10.13,1,Blue,top,Lourlo,Dignitas,Ornn,Trundle,Orianna,Ezreal,Gangplank,Rakan,1680,1,2,0,9,14,5,1,0,0,0,0,0,0,0,0.5,0.6786,0,0,8786,313.7857,0.187127,332.0714,582,13,0.4643,1,0.0357,5,20,0.7143,9913,6210,221.7857,0.197469,9150,219,219,0,0,0,7.8214,2944,4529,64,3218,4171,73,-274,358,-9,4496,6914,106,5692,7056,129,-1196,-142,-23
Summer,0,1,10.13,2,Blue,jng,Dardoch,Dignitas,Lee Sin,Trundle,Orianna,Ezreal,Gangplank,Rakan,1680,1,1,1,6,14,5,0,0,0,0,0,0,0,0,0.5,0.6786,0,0,6478,231.3571,0.137971,731.1071,807.1071,15,0.5357,5,0.1786,10,26,0.9286,8596,4893,174.75,0.155592,8275,143,17,126,82,10,5.1071,3340,3236,56,3374,3373,66,-34,-137,-10,5030,4832,82,5076,5754,107,-46,-922,-25
Summer,0,1,10.13,3,Blue,mid,Fenix,Dignitas,Azir,Trundle,Orianna,Ezreal,Gangplank,Rakan,1680,1,5,1,7,14,5,1,0,0,0,0,0,0,1,0.5,0.6786,0,0,11756,419.8571,0.250383,431.7857,254.9286,8,0.2857,10,0.3571,4,32,1.1429,11590,7887,281.6786,0.250793,10900,254,214,40,36,0,9.0714,4146,4603,83,3147,4220,69,999,383,14,6061,7414,140,5002,7228,128,1059,186,12
Summer,0,1,10.13,4,Blue,bot,Johnsun,Dignitas,Varus,Trundle,Orianna,Ezreal,Gangplank,Rakan,1680,1,6,1,8,14,5,1,1,0,0,0,0,0,0,0.5,0.6786,1,0,17707,632.3929,0.37713,205,245.75,14,0.5,9,0.3214,6,40,1.4286,13359,9656,344.8571,0.307043,11450,283,263,20,12,4,10.1071,3521,3465,91,3330,3029,78,191,436,13,6099,5567,145,4749,4684,119,1350,883,26
Summer,0,1,10.13,5,Blue,sup,aphromoo,Dignitas,Thresh,Trundle,Orianna,Ezreal,Gangplank,Rakan,1680,1,0,2,10,14,5,0,0,0,0,0,0,0,0,0.5,0.6786,0,0,2225,79.4643,0.0473888,271.1786,263.7857,34,1.2143,9,0.3214,13,59,2.1071,6505,2802,100.0714,0.089103,5825,30,30,0,0,0,1.0714,2098,2894,12,2506,2611,15,-408,283,-3,3553,4670,22,3446,3440,21,107,1230,1
Spring,0,1,10.05,1,Blue,top,Huni,Dignitas,Fiora,Syndra,Tahm Kench,Aphelios,Olaf,Sylas,1924,1,2,4,10,22,7,0,0,0,0,0,0,0,0,0.6861,0.9044,0,0,14586,454.8649,0.174455,669.3555,985.3846,15,0.4678,8,0.2495,4,37,1.1538,13501,9300,290.0208,0.22588,13633,265,234,31,7,18,8.264,3155,4355,76,2930,4010,71,225,345,5,5452,6930,122,5351,7100,122,101,-170,0
Spring,0,1,10.05,2,Blue,jng,Akaadian,Dignitas,Pantheon,Syndra,Tahm Kench,Aphelios,Olaf,Sylas,1924,1,4,2,10,22,7,1,0,0,0,1,1,0,0,0.6861,0.9044,0,0,13530,421.9335,0.161825,861.736,620.8316,14,0.4366,10,0.3119,15,36,1.1227,12115,7914,246.7983,0.192218,11200,191,25,166,87,20,5.9563,3496,3639,61,3429,4167,79,67,-528,-18,5049,5267,91,5432,6994,136,-383,-1727,-45
Spring,0,1,10.05,3,Blue,mid,Froggen,Dignitas,Rumble,Syndra,Tahm Kench,Aphelios,Olaf,Sylas,1924,1,7,1,12,22,7,0,0,0,0,0,0,0,0,0.6861,0.9044,1,0,37122,1157.6507,0.443995,541.5281,438.9293,18,0.5613,1,0.0312,7,23,0.7173,13164,8963,279.5114,0.217696,11925,235,227,8,4,4,7.3285,4013,4729,83,3260,4595,82,753,134,1,5950,7863,135,4898,7355,127,1052,508,8
Spring,0,1,10.05,4,Blue,bot,Johnsun,Dignitas,Kai'Sa,Syndra,Tahm Kench,Aphelios,Olaf,Sylas,1924,1,8,0,3,22,7,3,2,0,0,0,0,0,0,0.6861,0.9044,0,0,16825,524.6881,0.201234,422.0894,301.2786,13,0.4054,17,0.5301,6,53,1.6528,15842,11641,363.0249,0.282736,14100,357,311,46,26,2,11.1331,3413,3232,93,3447,3371,98,-34,-139,-5,5645,6204,163,5394,6203,155,251,1,8
Spring,0,1,10.05,5,Blue,sup,aphromoo,Dignitas,Thresh,Syndra,Tahm Kench,Aphelios,Olaf,Sylas,1924,1,1,0,11,22,7,0,0,0,0,0,0,0,0,0.6861,0.9044,0,0,1546,48.2121,0.0184908,266.2266,348.2432,43,1.341,14,0.4366,12,90,2.8067,7555,3354,104.5946,0.0814695,6750,37,37,0,0,0,1.1538,1980,2766,14,2028,2707,12,-48,59,2,3159,4126,25,3214,3819,19,-55,307,6
Summer,0,1,10.14,6,Red,top,V1per,Dignitas,Wukong,Twisted Fate,Volibear,Ashe,Camille,Malphite,1727,0,0,2,0,0,4,0,0,0,0,0,0,0,0,0,0.139,0,0,2999,104.1922,0.134207,508.9056,371.6039,10,0.3474,4,0.139,1,19,0.6601,8973,5174,179.7568,0.232998,8608,210,210,0,0,0,7.2959,2884,4463,71,3617,5021,97,-733,-558,-26,4332,7028,108,5617,7918,154,-1285,-890,-46
Summer,0,1,10.14,7,Red,jng,Dardoch,Dignitas,Trundle,Twisted Fate,Volibear,Ashe,Camille,Malphite,1727,0,0,0,0,0,4,0,0,0,0,0,0,0,0,0,0.139,0,0,1016,35.2982,0.0454668,900.6601,729.5541,12,0.4169,9,0.3127,9,36,1.2507,7935,4136,143.6943,0.186257,7475,160,12,148,121,4,5.5588,3107,3296,64,3448,4269,84,-341,-973,-20,4578,5190,99,5236,6537,125,-658,-1347,-26
Summer,0,1,10.14,8,Red,mid,Fenix,Dignitas,Zoe,Twisted Fate,Volibear,Ashe,Camille,Malphite,1727,0,0,0,0,0,4,0,0,0,0,0,0,0,0,0,0.139,0,0,9372,325.6051,0.419404,250.9786,112.5304,8,0.2779,5,0.1737,4,23,0.7991,9797,5998,208.3845,0.270102,9300,278,258,20,20,0,9.6584,3376,4988,96,3324,4847,91,52,141,5,5350,8199,160,5491,8004,154,-141,195,6
Summer,0,1,10.14,9,Red,bot,Johnsun,Dignitas,Kog'Maw,Twisted Fate,Volibear,Ashe,Camille,Malphite,1727,0,0,1,0,0,4,0,0,0,0,0,0,0,1,0,0.139,0,2,7446,258.6914,0.333214,375.1824,201.4708,15,0.5211,3,0.1042,7,24,0.8338,9622,5823,202.3046,0.262222,9475,262,262,0,0,0,9.1025,3285,2998,84,3422,3339,97,-137,-341,-13,5219,5203,146,5821,5631,160,-602,-428,-14
Summer,0,1,10.14,10,Red,sup,aphromoo,Dignitas,Lulu,Twisted Fate,Volibear,Ashe,Camille,Malphite,1727,0,0,1,0,0,4,0,0,0,0,0,0,0,0,0,0.139,0,0,1513,52.5651,0.0677079,203.1384,109.2994,23,0.7991,6,0.2085,13,39,1.355,4874,1075,37.348,0.0484213,4350,7,7,0,0,0,0.2432,1958,2634,1,1893,2583,0,65,51,1,2675,4176,2,2713,4068,1,-38,108,1
Spring,0,1,10.06,6,Red,top,Huni,Dignitas,Mordekaiser,Senna,Renekton,Varus,Rakan,Morgana,3406,1,1,7,3,13,15,0,0,0,0,0,0,0,0,0.229,0.4932,0,0,20252,356.7587,0.161787,715.7017,607.9624,19,0.3347,9,0.1585,10,51,0.8984,17591,10367,182.6248,0.17897,17100,337,317,20,16,4,5.9366,2645,4106,61,3359,4825,93,-714,-719,-32,4110,6754,101,5130,7374,144,-1020,-620,-43
Spring,0,1,10.06,7,Red,jng,Akaadian,Dignitas,Olaf,Senna,Renekton,Varus,Rakan,Morgana,3406,1,1,1,5,13,15,0,0,0,0,1,0,1,0,0.229,0.4932,0,0,10299,181.4269,0.0822755,808.2208,871.286,17,0.2995,30,0.5285,16,89,1.5678,16337,9113,160.5344,0.157322,14900,281,59,222,147,8,4.9501,2924,3046,60,2903,2916,56,21,130,4,4655,5559,107,4959,4899,89,-304,660,18
Spring,0,1,10.06,8,Red,mid,Froggen,Dignitas,Orianna,Senna,Renekton,Varus,Rakan,Morgana,3406,1,2,1,6,13,15,0,0,0,0,1,1,0,0,0.229,0.4932,0,0,38787,683.2707,0.309857,312.5073,313.4938,10,0.1762,25,0.4404,6,66,1.1627,21270,14046,247.4339,0.242481,20450,456,408,48,47,0,8.0329,3425,4727,97,3304,4431,94,121,296,3,5067,6880,140,5029,6929,144,38,-49,-4
Spring,0,1,10.06,9,Red,bot,Johnsun,Dignitas,Aphelios,Senna,Renekton,Varus,Rakan,Morgana,3406,1,7,1,3,13,15,1,1,0,0,1,0,1,0,0.229,0.4932,2,2,46731,823.212,0.373319,229.3423,559.3952,21,0.3699,27,0.4756,4,99,1.744,26220,18996,334.633,0.327934,21000,558,503,55,39,3,9.8297,3437,3611,92,3301,3603,88,136,8,4,5031,5553,140,5626,5760,142,-595,-207,-2
Spring,0,1,10.06,10,Red,sup,aphromoo,Dignitas,Nautilus,Senna,Renekton,Varus,Rakan,Morgana,3406,1,2,5,8,13,15,1,0,0,0,1,0,1,0,0.229,0.4932,0,0,9108,160.4463,0.072761,710.0998,1355.9542,82,1.4445,16,0.2819,20,138,2.431,12628,5404,95.1967,0.0932929,11500,50,50,0,0,0,0.8808,2162,2419,14,2182,2617,16,-20,-198,-2,3200,3609,21,3486,3808,27,-286,-199,-6
Spring,0,1,10.02,6,Red,top,Huni,Dignitas,Kennen,Akali,Rumble,Xayah,Jarvan IV,LeBlanc,2014,0,1,2,2,6,13,0,0,0,0,1,0,1,0,0.1787,0.566,0,1,11793,351.3307,0.267688,418.0636,397.1202,11,0.3277,13,0.3873,5,43,1.281,13049,8665,258.143,0.281553,12475,332,324,8,8,0,9.8908,3184,4817,74,2862,4068,70,322,749,4,5130,8008,135,4539,6726,122,591,1282,13
Spring,0,1,10.02,7,Red,jng,Grig,Dignitas,Elise,Akali,Rumble,Xayah,Jarvan IV,LeBlanc,2014,0,2,4,1,6,13,0,0,0,0,1,1,0,0,0.1787,0.566,0,0,4458,132.8103,0.101192,539.2552,226.6534,7,0.2085,7,0.2085,5,25,0.7448,9213,4829,143.863,0.156907,8275,154,15,139,105,0,4.5879,3397,3103,59,2880,3249,62,517,-146,-3,4750,4802,90,4182,4574,88,568,228,2
Spring,0,1,10.02,8,Red,mid,Froggen,Dignitas,Vel'Koz,Akali,Rumble,Xayah,Jarvan IV,LeBlanc,2014,0,1,2,2,6,13,0,0,0,0,0,0,0,0,0.1787,0.566,0,0,11192,333.426,0.254046,259.8709,122.0854,22,0.6554,5,0.149,12,36,1.0725,10901,6517,194.1509,0.211756,10685,271,258,13,13,0,8.0735,3406,4928,96,3562,4718,99,-156,210,-3,5296,8172,154,5710,7653,157,-414,519,-3
Spring,0,1,10.02,9,Red,bot,Johnsun,Dignitas,Aphelios,Akali,Rumble,Xayah,Jarvan IV,LeBlanc,2014,0,2,1,1,6,13,0,0,0,0,0,0,0,0,0.1787,0.566,0,0,14195,422.8898,0.322211,181.4896,238.6594,13,0.3873,7,0.2085,4,39,1.1619,12465,8081,240.7448,0.262576,11325,315,283,32,32,0,9.3843,3182,2950,82,3462,3228,99,-280,-278,-17,4938,5357,136,5323,6055,155,-385,-698,-19
Spring,0,1,10.02,10,Red,sup,aphromoo,Dignitas,Braum,Akali,Rumble,Xayah,Jarvan IV,LeBlanc,2014,0,0,4,4,6,13,0,0,0,0,0,0,0,0,0.1787,0.566,0,0,2417,72.006,0.0548632,424.29,412.999,50,1.4896,23,0.6852,18,108,3.2175,7068,2684,79.9603,0.0872079,6950,42,42,0,0,0,1.2512,2070,2709,12,2015,2793,11,55,-84,1,3257,4008,24,3073,3560,19,184,448,5
Spring,0,1,10.02,1,Blue,top,Huni,Dignitas,Gangplank,Elise,Sett,Irelia,Gragas,LeBlanc,1957,0,1,4,1,2,16,0,0,0,0,0,0,0,0,0.0613,0.5519,0,0,12443,381.4921,0.302985,601.6863,357.21,6,0.184,3,0.092,2,19,0.5825,11547,7279,223.1681,0.277367,10383,259,253,6,6,0,7.9407,3057,3415,60,2823,4347,68,234,-932,-8,4600,5466,98,4952,7179,122,-352,-1713,-24
Spring,0,1,10.02,2,Blue,jng,Grig,Dignitas,Rek'Sai,Elise,Sett,Irelia,Gragas,LeBlanc,1957,0,0,5,1,2,16,0,0,0,0,0,0,0,1,0.0613,0.5519,0,0,4025,123.4032,0.0980082,837.5473,493.0608,7,0.2146,10,0.3066,6,31,0.9504,7702,3434,105.2836,0.130856,7325,135,12,123,114,0,4.139,2873,2598,53,3589,3536,66,-716,-938,-13,4202,4123,79,5424,5162,95,-1222,-1039,-16
Spring,0,1,10.02,3,Blue,mid,Froggen,Dignitas,Orianna,Elise,Sett,Irelia,Gragas,LeBlanc,1957,0,1,2,0,2,16,0,0,0,0,0,0,0,0,0.0613,0.5519,0,0,14779,453.1119,0.359867,513.9397,307.9407,14,0.4292,6,0.184,4,28,0.8585,11608,7340,225.0383,0.279692,11500,293,257,36,32,0,8.9831,3112,4470,85,3310,3920,69,-198,550,16,5302,7850,153,5242,6308,112,60,1542,41
Spring,0,1,10.02,4,Blue,bot,Johnsun,Dignitas,Senna,Elise,Sett,Irelia,Gragas,LeBlanc,1957,0,0,2,2,2,16,0,0,0,0,0,0,0,0,0.0613,0.5519,0,1,7329,224.7011,0.17846,470.2197,213.2959,13,0.3986,7,0.2146,5,25,0.7665,10545,6277,192.4476,0.239187,10025,266,262,4,4,0,8.1553,3139,2830,79,3183,2998,84,-44,-168,-5,5119,5079,141,5495,5357,152,-376,-278,-11
Spring,0,1,10.02,5,Blue,sup,aphromoo,Dignitas,Tahm Kench,Elise,Sett,Irelia,Gragas,LeBlanc,1957,0,0,3,1,2,16,0,0,0,0,0,0,0,0,0.0613,0.5519,0,0,2492,76.4027,0.0606798,637.8947,597.5779,49,1.5023,12,0.3679,19,80,2.4527,6181,1913,58.651,0.0728985,5975,32,32,0,0,0,0.9811,1886,1882,8,2353,2520,13,-467,-638,-5,3054,3509,18,3756,4365,22,-702,-856,-4
Spring,0,1,10.01,6,Red,top,Huni,Dignitas,Renekton,Akali,Lucian,Rumble,LeBlanc,Kennen,2413,1,2,0,5,15,4,1,0,0,0,0,0,0,0,0.373,0.4724,0,0,10139,252.1094,0.142001,849.2748,1030.2942,13,0.3232,24,0.5968,9,67,1.666,14021,8823,219.3867,0.207361,12025,265,256,9,0,1,6.5893,3230,4369,79,2889,4264,69,341,105,10,5197,7569,133,4673,6514,115,524,1055,18
Spring,0,1,10.01,7,Red,jng,Grig,Dignitas,Elise,Akali,Lucian,Rumble,LeBlanc,Kennen,2413,1,1,0,8,15,4,0,0,0,0,0,0,0,0,0.373,0.4724,0,0,11341,281.9975,0.158835,508.8935,338.591,37,0.92,21,0.5222,13,87,2.1633,11626,6428,159.8342,0.151072,11225,194,35,159,98,17,4.8239,2981,2935,56,3568,3396,70,-587,-461,-14,4789,5025,88,5136,4934,96,-347,91,-8
Spring,0,1,10.01,8,Red,mid,Froggen,Dignitas,Viktor,Akali,Lucian,Rumble,LeBlanc,Kennen,2413,1,5,1,7,15,4,1,0,0,0,0,0,0,0,0.373,0.4724,0,0,24263,603.3071,0.339813,311.9105,302.6606,20,0.4973,13,0.3232,9,61,1.5168,16385,11187,278.1683,0.262921,16175,350,315,35,24,4,8.7029,3562,4930,89,3564,4404,85,-2,526,4,6291,8692,166,5210,6626,130,1081,2066,36
Spring,0,1,10.01,9,Red,bot,Johnsun,Dignitas,Ashe,Akali,Lucian,Rumble,LeBlanc,Kennen,2413,1,5,1,6,15,4,1,0,0,0,0,0,0,0,0.373,0.4724,1,0,20850,518.4418,0.292013,259.3701,147.3518,25,0.6216,24,0.5968,13,94,2.3373,17386,12188,303.0584,0.286447,16525,347,298,49,37,4,8.6283,2994,2371,72,3075,2630,71,-81,-259,1,5073,4752,118,4998,4717,126,75,35,-8
Spring,0,1,10.01,10,Red,sup,aphromoo,Dignitas,Tahm Kench,Akali,Lucian,Rumble,LeBlanc,Kennen,2413,1,2,2,8,15,4,0,0,0,0,0,0,0,1,0.373,0.4724,0,0,4808,119.5524,0.067338,349.4571,337.0245,56,1.3925,8,0.1989,19,91,2.2627,9121,3923,97.5466,0.0921981,7650,28,28,0,0,0,0.6962,1997,2284,11,2029,2345,9,-32,-61,2,3428,3356,17,3179,3450,19,249,-94,-2
Spring,0,1,10.01,1,Blue,top,Huni,Dignitas,Gangplank,Qiyana,Irelia,Ornn,Jarvan IV,LeBlanc,1687,1,1,0,1,12,2,0,0,0,0,0,0,0,0,0.4268,0.4979,0,0,10801,384.1494,0.208542,580.332,443.4381,9,0.3201,3,0.1067,5,20,0.7113,13067,9350,332.543,0.282615,12648,275,247,28,14,10,9.7807,3124,4023,79,2973,4516,73,151,-493,6,5686,6867,126,4592,6868,117,1094,-1,9
Spring,0,1,10.01,2,Blue,jng,Grig,Dignitas,Lee Sin,Qiyana,Irelia,Ornn,Jarvan IV,LeBlanc,1687,1,1,1,3,12,2,0,0,0,0,0,0,0,0,0.4268,0.4979,0,0,3587,127.5756,0.0692565,767.6941,608.2869,18,0.6402,6,0.2134,10,41,1.4582,7511,3794,134.9378,0.114677,6675,121,10,111,65,4,4.3035,2873,3051,60,2821,2711,54,52,340,6,4064,4657,78,4481,4076,70,-417,581,8
Spring,0,1,10.01,3,Blue,mid,Froggen,Dignitas,Orianna,Qiyana,Irelia,Ornn,Jarvan IV,LeBlanc,1687,1,5,1,4,12,2,0,0,0,0,0,0,0,1,0.4268,0.4979,0,0,20708,736.5027,0.399822,328.524,269.1998,13,0.4624,5,0.1778,5,34,1.2092,11649,7932,282.1103,0.239754,11425,252,232,20,20,0,8.9627,3208,4553,87,3407,4960,96,-199,-407,-9,5513,7162,140,5560,7482,154,-47,-320,-14
Spring,0,1,10.01,4,Blue,bot,Johnsun,Dignitas,Senna,Qiyana,Irelia,Ornn,Jarvan IV,LeBlanc,1687,1,5,0,4,12,2,0,0,0,0,0,0,0,0,0.4268,0.4979,0,0,13961,496.5382,0.269554,323.4381,169.5791,17,0.6046,16,0.5691,8,55,1.9561,13009,9292,330.4801,0.280862,11050,243,239,4,0,4,8.6426,3358,3324,91,3364,3261,93,-6,63,-2,5641,5549,135,5960,5837,146,-319,-288,-11
Spring,0,1,10.01,5,Blue,sup,aphromoo,Dignitas,Braum,Qiyana,Irelia,Ornn,Jarvan IV,LeBlanc,1687,1,0,0,6,12,2,0,0,0,0,0,0,0,0,0.4268,0.4979,0,0,2736,97.3088,0.0528257,461.6835,364.9081,32,1.1381,7,0.249,9,57,2.0273,6433,2716,96.5975,0.0820926,5075,27,27,0,0,0,0.9603,2014,2359,11,2062,2840,11,-48,-481,0,3087,3775,18,2983,3872,15,104,-97,3
Spring,0,1,10.03,1,Blue,top,Huni,Dignitas,Gangplank,Lee Sin,Sett,Aatrox,Cassiopeia,Syndra,2053,0,0,1,3,4,13,0,0,0,0,0,0,0,0,0.1169,0.4968,0,0,18858,551.1349,0.378568,573.3755,414.1841,9,0.263,3,0.0877,5,22,0.643,13879,9415,275.1583,0.29217,13508,318,294,24,18,0,9.2937,3072,4311,71,3379,4704,82,-307,-393,-11,4998,7369,122,5441,7085,127,-443,284,-5
Spring,0,1,10.03,2,Blue,jng,Grig,Dignitas,Elise,Lee Sin,Sett,Aatrox,Cassiopeia,Syndra,2053,0,0,4,3,4,13,0,0,0,0,0,0,0,0,0.1169,0.4968,0,0,6467,189.0015,0.129823,542.8057,239.5324,7,0.2046,8,0.2338,6,39,1.1398,9013,4549,132.9469,0.141171,8150,168,21,147,100,8,4.9099,2685,3048,52,2950,3047,52,-265,1,0,4066,4926,80,4974,5310,86,-908,-384,-6
Spring,0,1,10.03,3,Blue,mid,Froggen,Dignitas,Orianna,Lee Sin,Sett,Aatrox,Cassiopeia,Syndra,2053,0,3,2,1,4,13,0,0,0,0,0,0,0,0,0.1169,0.4968,0,1,13125,383.585,0.26348,369.7029,337.7302,12,0.3507,11,0.3215,7,39,1.1398,13513,9049,264.4618,0.280812,13725,342,294,48,48,0,9.9951,3426,4715,95,3117,4296,81,309,419,14,5510,7292,150,4873,6723,120,637,569,30
Spring,0,1,10.03,4,Blue,bot,Johnsun,Dignitas,Miss Fortune,Lee Sin,Sett,Aatrox,Cassiopeia,Syndra,2053,0,1,1,0,4,13,0,0,0,0,0,0,0,0,0.1169,0.4968,0,1,8458,247.1895,0.169792,229.4204,292.7228,16,0.4676,5,0.1461,6,25,0.7306,11305,6841,199.9318,0.212295,10600,270,264,6,4,0,7.8909,2899,2856,69,3485,3115,91,-586,-259,-22,4681,5203,125,6385,5582,146,-1704,-379,-21
Spring,0,1,10.02,1,Blue,top,Huni,Dignitas,Gangplank,Ornn,Tahm Kench,Sett,LeBlanc,Syndra,2460,1,0,2,7,13,9,0,0,0,0,0,0,0,0,0.3171,0.5366,0,0,25625,625,0.289296,479.8049,341.6585,7,0.1707,3,0.0732,3,22,0.5366,18726,13432,327.6098,0.280587,17608,425,399,26,15,0,10.3659,3156,4101,70,3226,4734,83,-70,-633,-13,5593,6549,122,5280,7854,142,313,-1305,-20
Spring,0,1,10.02,2,Blue,jng,Grig,Dignitas,Jarvan IV,Ornn,Tahm Kench,Sett,LeBlanc,Syndra,2460,1,1,4,11,13,9,0,0,0,0,1,1,0,0,0.3171,0.5366,0,0,7769,189.4878,0.087709,816.2683,1049.7805,12,0.2927,20,0.4878,16,66,1.6098,11018,5724,139.6098,0.119571,10025,166,27,139,99,3,4.0488,3312,3273,59,2836,2700,55,476,573,4,4592,4597,83,4428,4602,77,164,-5,6
Spring,0,1,10.02,3,Blue,mid,Froggen,Dignitas,Orianna,Ornn,Tahm Kench,Sett,LeBlanc,Syndra,2460,1,6,1,6,13,9,0,0,0,0,1,0,1,0,0.3171,0.5366,0,0,20693,504.7073,0.233616,298.9756,229.122,21,0.5122,7,0.1707,10,40,0.9756,17226,11932,291.0244,0.249253,16000,349,322,27,17,4,8.5122,3743,5149,100,3273,4672,88,470,477,12,6038,8280,168,6313,8253,160,-275,27,8
Spring,0,1,10.02,4,Blue,bot,Johnsun,Dignitas,Aphelios,Ornn,Tahm Kench,Sett,LeBlanc,Syndra,2460,1,3,0,6,13,9,1,0,0,0,0,0,0,0,0.3171,0.5366,1,1,29859,728.2683,0.337097,223.561,467.0732,15,0.3659,10,0.2439,2,39,0.9512,17789,12495,304.7561,0.261014,14550,378,342,36,32,4,9.2195,3323,3137,90,3304,3050,87,19,87,3,5397,4686,126,5409,5252,142,-12,-566,-16
Spring,0,1,10.02,5,Blue,sup,aphromoo,Dignitas,Thresh,Ornn,Tahm Kench,Sett,LeBlanc,Syndra,2460,1,3,2,7,13,9,0,0,0,0,0,0,0,0,0.3171,0.5366,0,0,4631,112.9512,0.0522822,375.2195,174.5366,61,1.4878,9,0.2195,19,113,2.7561,9582,4288,104.5854,0.0895741,7975,29,29,0,0,0,0.7073,2034,2536,10,2107,2478,13,-73,58,-3,3331,3574,18,3386,3777,23,-55,-203,-5
Spring,0,1,10.02,6,Red,top,Huni,Dignitas,Sett,Akali,Blitzcrank,Riven,Nautilus,Leona,1982,0,1,4,0,4,19,0,0,0,0,0,0,0,1,0.1211,0.6963,0,0,9013,272.8456,0.194973,757.4773,989.1524,7,0.2119,4,0.1211,3,22,0.666,11661,7342,222.2603,0.246748,11785,257,245,12,12,0,7.78,3316,4753,84,3384,4576,80,-68,177,4,5232,7081,131,5570,7921,142,-338,-840,-11
Spring,0,1,10.02,7,Red,jng,Grig,Dignitas,Lee Sin,Akali,Blitzcrank,Riven,Nautilus,Leona,1982,0,0,4,3,4,19,0,0,0,0,0,0,0,0,0.1211,0.6963,0,0,5604,169.6468,0.121228,720.999,507.9717,18,0.5449,3,0.0908,10,33,0.999,8436,4117,124.6317,0.138365,8300,138,11,127,90,7,4.1776,2859,2842,60,3756,3062,56,-897,-220,4,4179,4317,86,5167,4687,89,-988,-370,-3
Spring,0,1,10.02,8,Red,mid,Froggen,Dignitas,Ekko,Akali,Blitzcrank,Riven,Nautilus,Leona,1982,0,1,3,1,4,19,0,0,0,0,0,0,0,0,0.1211,0.6963,0,1,12750,385.9738,0.275813,655.217,398.9909,14,0.4238,5,0.1514,5,33,0.999,11891,7572,229.223,0.254477,12210,266,250,16,5,0,8.0525,2982,4572,72,3795,4605,83,-813,-33,-11,4695,7343,124,5465,7074,131,-770,269,-7
Spring,0,1,10.02,9,Red,bot,Johnsun,Dignitas,Aphelios,Akali,Blitzcrank,Riven,Nautilus,Leona,1982,0,2,4,0,4,19,0,0,0,0,0,0,0,0,0.1211,0.6963,0,0,15368,465.227,0.332446,341.8063,363.7841,10,0.3027,7,0.2119,2,19,0.5752,12477,8158,246.9627,0.274171,12600,313,273,40,37,0,9.4753,3478,3445,83,3436,3616,87,42,-171,-4,5236,5337,140,5233,6354,139,3,-1017,1
Spring,0,1,10.02,10,Red,sup,aphromoo,Dignitas,Thresh,Akali,Blitzcrank,Riven,Nautilus,Leona,1982,0,0,4,3,4,19,0,0,0,0,0,0,0,0,0.1211,0.6963,0,0,3492,105.7114,0.0755403,298.3956,139.8285,49,1.4834,10,0.3027,19,83,2.5126,6885,2566,77.6791,0.0862399,6525,29,29,0,0,0,0.8779,2115,2388,9,2124,2911,12,-9,-523,-3,3160,3646,18,3035,3439,16,125,207,2
Summer,0,1,10.15,6,Red,top,V1per,Dignitas,Renekton,Lee Sin,Kalista,Olaf,Tahm Kench,Jayce,1601,0,0,3,1,1,13,0,0,0,0,0,0,0,0,0.0375,0.5247,0,0,7066,264.8095,0.257039,661.2742,512.5297,10,0.3748,3,0.1124,2,19,0.7121,8237,4695,175.9525,0.23105,7550,224,224,0,0,0,8.3948,3321,4864,90,3267,5028,87,54,-164,3,4895,7522,141,5230,8213,143,-335,-691,-2
Summer,0,1,10.15,7,Red,jng,Dardoch,Dignitas,Sett,Lee Sin,Kalista,Olaf,Tahm Kench,Jayce,1601,0,0,3,1,1,13,0,0,0,0,0,0,0,0,0.0375,0.5247,0,0,3234,121.1993,0.117643,764.4097,736.7146,7,0.2623,6,0.2249,8,26,0.9744,7132,3590,134.5409,0.176675,6800,141,17,124,103,0,5.2842,3000,3253,60,3419,3763,74,-419,-510,-14,4457,5059,92,5209,6129,111,-752,-1070,-19
Summer,0,1,10.15,8,Red,mid,Fenix,Dignitas,Azir,Lee Sin,Kalista,Olaf,Tahm Kench,Jayce,1601,0,0,3,1,1,13,0,0,0,0,0,0,0,1,0.0375,0.5247,0,0,6964,260.9869,0.253328,471.98,299.6627,10,0.3748,5,0.1874,4,22,0.8245,8074,4532,169.8438,0.223029,7850,220,208,12,9,0,8.2448,2959,4617,76,3947,5174,101,-988,-557,-25,4639,7584,127,6341,8614,158,-1702,-1030,-31
Summer,0,1,10.15,9,Red,bot,Johnsun,Dignitas,Kai'Sa,Lee Sin,Kalista,Olaf,Tahm Kench,Jayce,1601,0,1,2,0,1,13,0,0,0,0,0,0,0,0,0.0375,0.5247,0,1,8745,327.7327,0.318116,450.3186,209.8688,16,0.5996,6,0.2249,5,26,0.9744,9554,6012,225.3092,0.295858,8575,245,233,12,12,0,9.1818,3457,3286,99,3575,3442,92,-118,-156,7,5240,5769,155,6506,5958,151,-1266,-189,4
Summer,0,1,10.15,10,Red,sup,aphromoo,Dignitas,Rakan,Lee Sin,Kalista,Olaf,Tahm Kench,Jayce,1601,0,0,2,0,1,13,0,0,0,0,0,0,0,0,0.0375,0.5247,0,0,1481,55.5028,0.0538741,215.9026,296.6646,32,1.1993,7,0.2623,11,52,1.9488,5033,1491,55.8776,0.0733872,5015,31,31,0,0,0,1.1618,2019,2569,11,2074,2773,14,-55,-204,-3,3065,3794,20,3355,3771,23,-290,23,-3
Spring,0,1,10.03,6,Red,top,Huni,Dignitas,Pantheon,Aphelios,Xayah,Ornn,LeBlanc,Syndra,1889,0,3,5,0,4,17,0,0,0,0,0,0,0,0,0.1271,0.667,0,0,9027,286.7231,0.194238,656.5379,665.1456,6,0.1906,7,0.2223,3,23,0.7305,9184,5055,160.5611,0.189141,8825,136,133,3,2,0,4.3197,2974,3268,40,3849,4633,73,-875,-1365,-33,4166,4480,58,5653,7122,105,-1487,-2642,-47
Spring,0,1,10.03,7,Red,jng,Grig,Dignitas,Jarvan IV,Aphelios,Xayah,Ornn,LeBlanc,Syndra,1889,0,0,4,4,4,17,0,0,0,0,1,0,1,0,0.1271,0.667,0,1,3275,104.0233,0.0704695,752.684,695.7014,10,0.3176,8,0.2541,9,32,1.0164,7739,3610,114.6638,0.135073,7475,125,14,111,87,0,3.9704,2952,2817,50,2944,2837,53,8,-20,-3,4564,4219,76,4441,4749,83,123,-530,-7
Spring,0,1,10.03,8,Red,mid,Froggen,Dignitas,Viktor,Aphelios,Xayah,Ornn,LeBlanc,Syndra,1889,0,0,0,3,4,17,0,0,0,0,1,0,1,0,0.1271,0.667,0,1,18999,603.4621,0.408809,288.216,275.7967,18,0.5717,6,0.1906,9,32,1.0164,11360,7231,229.6771,0.270563,11425,314,306,8,7,0,9.9735,3404,4525,88,4103,4698,82,-699,-173,6,5327,7435,144,6077,7721,146,-750,-286,-2
Spring,0,1,10.03,9,Red,bot,Johnsun,Dignitas,Varus,Aphelios,Xayah,Ornn,LeBlanc,Syndra,1889,0,1,4,3,4,17,0,0,0,0,1,1,0,0,0.1271,0.667,0,1,12099,384.2986,0.260339,333.478,291.5828,15,0.4764,10,0.3176,8,29,0.9211,12734,8605,273.3192,0.321975,12800,311,287,24,16,0,9.8782,3447,2876,72,3768,3339,85,-321,-463,-13,5928,4940,127,6634,6094,151,-706,-1154,-24
Spring,0,1,10.03,10,Red,sup,aphromoo,Dignitas,Tahm Kench,Aphelios,Xayah,Ornn,LeBlanc,Syndra,1889,0,0,4,2,4,17,0,0,0,0,0,0,0,0,0.1271,0.667,0,0,3074,97.639,0.0661445,513.0651,667.3372,38,1.207,8,0.2541,14,72,2.2869,6354,2225,70.6723,0.0832488,6150,28,28,0,0,0,0.8894,1998,2249,11,2254,2604,12,-256,-355,-1,3665,3699,20,3482,3987,22,183,-288,-2
Spring,0,1,10.06,1,Blue,top,Huni,Dignitas,Ornn,Syndra,Varus,Xayah,Trundle,LeBlanc,1850,1,2,0,5,10,2,0,0,0,0,0,0,0,0,0.3243,0.3892,0,0,9632,312.3892,0.245308,558.3568,801.1135,11,0.3568,6,0.1946,4,34,1.1027,11217,7167,232.4432,0.201445,10530,233,225,8,1,0,7.5568,2779,4089,66,2917,4347,73,-138,-258,-7,4477,6630,117,4432,6956,120,45,-326,-3
Spring,0,1,10.06,2,Blue,jng,Akaadian,Dignitas,Lee Sin,Syndra,Varus,Xayah,Trundle,LeBlanc,1850,1,1,1,5,10,2,0,0,0,0,0,0,0,0,0.3243,0.3892,0,0,4690,152.1081,0.119445,720.4865,870.8432,17,0.5514,9,0.2919,13,41,1.3297,10653,6603,214.1514,0.185593,10350,186,17,169,105,13,6.0324,2951,3154,60,2828,2956,56,123,198,4,4819,5245,96,4038,4232,79,781,1013,17
Spring,0,1,10.06,3,Blue,mid,Froggen,Dignitas,Viktor,Syndra,Varus,Xayah,Trundle,LeBlanc,1850,1,4,0,4,10,2,1,0,0,0,0,0,0,0,0.3243,0.3892,1,0,13263,430.1514,0.337782,188.6595,257.9351,13,0.4216,8,0.2595,7,36,1.1676,13641,9591,311.0595,0.269573,11225,303,276,27,18,9,9.827,3412,5069,97,3566,5232,101,-154,-163,-4,5741,8470,174,5666,8456,169,75,14,5
Spring,0,1,10.06,4,Blue,bot,Johnsun,Dignitas,Aphelios,Syndra,Varus,Xayah,Trundle,LeBlanc,1850,1,2,1,6,10,2,0,0,0,0,0,0,0,1,0.3243,0.3892,0,0,9497,308.0108,0.241869,157.6865,252.8757,11,0.3568,9,0.2919,4,50,1.6216,13045,8995,291.7297,0.252822,11400,299,275,24,16,4,9.6973,3367,2942,89,3207,2830,87,160,112,2,5182,4840,137,5428,5033,140,-246,-193,-3
Spring,0,1,10.06,5,Blue,sup,aphromoo,Dignitas,Tahm Kench,Syndra,Varus,Xayah,Trundle,LeBlanc,1850,1,1,0,5,10,2,0,0,0,0,0,0,0,0,0.3243,0.3892,0,0,2183,70.8,0.0555966,251.9027,358.9622,37,1.2,2,0.0649,10,62,2.0108,7272,3222,104.4973,0.0905677,6150,23,23,0,0,0,0.7459,2106,2772,12,1929,2650,0,177,122,12,3343,4507,20,3016,4446,0,327,61,20
Summer,0,1,10.11,6,Red,top,V1per,Dignitas,Sett,Varus,Syndra,Aphelios,LeBlanc,Galio,2308,0,1,4,5,7,15,0,0,0,0,0,0,0,0,0.182,0.5719,0,0,22058,573.4315,0.325234,859.4974,1314.6707,17,0.4419,3,0.078,4,30,0.7799,13209,8225,213.8215,0.221394,13000,314,306,8,5,0,8.1629,3074,4662,76,3300,4770,92,-226,-108,-16,4795,7526,129,5307,7730,144,-512,-204,-15
Summer,0,1,10.11,7,Red,jng,Akaadian,Dignitas,Trundle,Varus,Syndra,Aphelios,LeBlanc,Galio,2308,0,2,3,4,7,15,1,0,0,0,0,0,0,1,0.182,0.5719,0,1,5815,151.1698,0.0857391,1055.6932,1064.0901,9,0.234,24,0.6239,9,60,1.5598,10926,5942,154.4714,0.159942,10175,187,50,137,110,0,4.8614,3084,3143,60,3748,4095,78,-664,-952,-18,4487,4749,93,5404,6006,116,-917,-1257,-23
Summer,0,1,10.11,8,Red,mid,Froggen,Dignitas,Orianna,Varus,Syndra,Aphelios,LeBlanc,Galio,2308,0,2,1,4,7,15,0,0,0,0,0,0,0,0,0.182,0.5719,0,0,15975,415.2946,0.235543,309.2808,378.7695,25,0.6499,4,0.104,15,30,0.7799,15302,10318,268.2322,0.277731,15675,405,365,40,35,0,10.5286,3734,4899,98,3458,4871,98,276,28,0,5794,7957,165,5876,8206,164,-82,-249,1
Summer,0,1,10.11,9,Red,bot,Johnsun,Dignitas,Ezreal,Varus,Syndra,Aphelios,LeBlanc,Galio,2308,0,1,2,4,7,15,0,0,0,0,0,0,0,0,0.182,0.5719,0,1,22210,577.383,0.327475,430.7886,488.3969,18,0.4679,12,0.312,7,46,1.1958,14933,9949,258.6395,0.267798,14075,359,319,40,35,0,9.3328,3295,3386,87,3397,3210,95,-102,176,-8,4891,5581,130,5470,5368,148,-579,213,-18
Summer,0,1,10.11,10,Red,sup,aphromoo,Dignitas,Leona,Varus,Syndra,Aphelios,LeBlanc,Galio,2308,0,1,5,4,7,15,0,0,0,0,0,0,0,0,0.182,0.5719,0,0,1764,45.8579,0.0260093,477.9983,657.6083,51,1.3258,20,0.5199,18,101,2.6256,7701,2717,70.6326,0.0731353,7300,39,39,0,0,0,1.0139,2053,2475,11,2025,2709,12,28,-234,-1,3056,3585,18,3084,3792,18,-28,-207,0
Summer,0,1,10.13,6,Red,top,Lourlo,Dignitas,Mordekaiser,Varus,Olaf,Thresh,Lee Sin,Bard,1985,0,2,4,4,10,21,0,0,0,0,0,0,0,1,0.3023,0.937,0,0,10210,308.6146,0.172998,745.9647,1232.1612,11,0.3325,2,0.0605,3,17,0.5139,10465,6140,185.5919,0.201338,10310,204,184,20,12,0,6.1662,2693,3841,49,3302,4845,86,-609,-1004,-37,4151,5995,84,5297,7420,130,-1146,-1425,-46
Summer,0,1,10.13,7,Red,jng,Dardoch,Dignitas,Wukong,Varus,Olaf,Thresh,Lee Sin,Bard,1985,0,3,3,5,10,21,1,0,0,0,0,0,0,0,0.3023,0.937,0,0,8032,242.7809,0.136094,768.6045,599.1839,18,0.5441,12,0.3627,18,46,1.3904,9475,5150,155.6675,0.168875,9325,145,25,120,81,8,4.3829,3522,3221,56,3843,3494,67,-321,-273,-11,5268,5366,93,5990,5910,106,-722,-544,-13
Summer,0,1,10.13,8,Red,mid,Fenix,Dignitas,Morgana,Varus,Olaf,Thresh,Lee Sin,Bard,1985,0,1,4,4,10,21,0,0,0,0,0,0,0,0,0.3023,0.937,0,2,10867,328.4736,0.18413,529.7229,357.2191,6,0.1814,5,0.1511,5,21,0.6348,10338,6013,181.7531,0.197173,10475,245,223,22,11,8,7.4055,3702,5446,97,3746,4739,89,-44,707,8,5787,8537,159,5677,7660,136,110,877,23
Summer,0,1,10.13,9,Red,bot,Johnsun,Dignitas,Aphelios,Varus,Olaf,Thresh,Lee Sin,Bard,1985,0,3,5,5,10,21,0,0,0,0,0,0,0,0,0.3023,0.937,0,1,24734,747.6272,0.419092,515.3048,590.8715,15,0.4534,9,0.272,5,30,0.9068,14324,9999,302.2368,0.327879,14275,346,346,0,0,0,10.4584,4004,3473,94,3281,2925,80,723,548,14,6407,5610,146,5603,4789,137,804,821,9
Summer,0,1,10.13,10,Red,sup,aphromoo,Dignitas,Karma,Varus,Olaf,Thresh,Lee Sin,Bard,1985,0,1,5,7,10,21,0,0,0,0,0,0,0,0,0.3023,0.937,0,0,5175,156.4232,0.0876851,349.4207,276.3929,34,1.0277,10,0.3023,14,69,2.0856,7519,3194,96.5441,0.104735,6750,13,13,0,0,0,0.3929,2329,2590,1,2052,2561,13,277,29,-12,3344,3821,5,3483,3849,19,-139,-28,-14
Spring,0,1,10.03,5,Blue,sup,aphromoo,Dignitas,Leona,Lee Sin,Sett,Aatrox,Cassiopeia,Syndra,2053,0,0,5,3,4,13,0,0,0,0,0,0,0,1,0.1169,0.4968,0,0,2906,84.9294,0.058337,423.8578,578.8115,39,1.1398,18,0.5261,14,81,2.3673,6834,2370,69.2645,0.0735532,6450,44,44,0,0,0,1.2859,2088,2650,16,2517,2820,13,-429,-170,3,3082,3924,20,3833,4570,25,-751,-646,-5
Summer,0,1,10.13,6,Red,top,Lourlo,Dignitas,Ornn,Ezreal,Varus,Trundle,Urgot,Malphite,1610,1,1,0,11,15,1,0,0,0,0,1,0,1,0,0.559,0.5963,0,0,8235,306.8944,0.171167,567.0932,813.1677,11,0.4099,4,0.1491,3,27,1.0062,9738,6178,230.236,0.188959,9225,189,181,8,0,0,7.0435,3212,4756,75,2765,3759,62,447,997,13,5240,7361,115,4462,5916,99,778,1445,16
Summer,0,1,10.13,7,Red,jng,Dardoch,Dignitas,Graves,Ezreal,Varus,Trundle,Urgot,Malphite,1610,1,4,1,8,15,1,0,0,0,0,1,0,1,0,0.559,0.5963,0,0,9174,341.8882,0.190684,646.9565,357.5776,20,0.7453,6,0.2236,9,45,1.677,9848,6288,234.3354,0.192323,8350,164,30,134,77,16,6.1118,3485,3614,56,2804,3104,56,681,510,0,5271,5989,91,4197,4821,86,1074,1168,5
Summer,0,1,10.13,8,Red,mid,Fenix,Dignitas,Azir,Ezreal,Varus,Trundle,Urgot,Malphite,1610,1,4,0,6,15,1,0,0,0,0,1,1,0,0,0.559,0.5963,1,0,16858,628.2484,0.350398,518.5714,322.3602,10,0.3727,6,0.2236,3,21,0.7826,12162,8602,320.5714,0.263098,10325,276,252,24,24,0,10.2857,3785,4811,89,3337,4797,90,448,14,-1,5702,7739,148,5245,7812,149,457,-73,-1
Summer,0,1,10.13,9,Red,bot,Johnsun,Dignitas,Ashe,Ezreal,Varus,Trundle,Urgot,Malphite,1610,1,6,0,2,15,1,1,0,0,0,0,0,0,0,0.559,0.5963,0,0,11823,440.6087,0.245744,347.6646,118.7702,8,0.2981,6,0.2236,4,29,1.0807,12401,8841,329.4783,0.270408,10425,257,237,20,12,0,9.5776,3480,3161,91,3586,3547,96,-106,-386,-5,5899,5459,137,5197,5383,142,702,76,-5
Summer,0,1,10.13,10,Red,sup,aphromoo,Dignitas,Thresh,Ezreal,Varus,Trundle,Urgot,Malphite,1610,1,0,0,9,15,1,0,0,0,0,0,0,0,0,0.559,0.5963,0,0,2021,75.3168,0.042007,303.6522,315.2795,36,1.3416,9,0.3354,12,57,2.1242,6346,2786,103.8261,0.0852118,5450,31,31,0,0,0,1.1553,2119,2862,12,2148,2352,12,-29,510,0,3274,4074,20,3178,3424,20,96,650,0
Spring,0,1,10.04,1,Blue,top,Huni,Dignitas,Aatrox,Yuumi,Sett,Xayah,Gangplank,Rek'Sai,2231,0,2,3,7,15,12,0,0,0,0,1,0,1,0,0.4034,0.7261,0,1,16714,449.5025,0.235249,989.9866,1068.6508,15,0.4034,2,0.0538,7,32,0.8606,14288,9461,254.442,0.23145,13645,292,274,18,7,8,7.853,3390,3811,58,2982,4224,68,408,-413,-10,4753,5866,93,5123,7489,132,-370,-1623,-39
Spring,0,1,10.04,2,Blue,jng,Akaadian,Dignitas,Lee Sin,Yuumi,Sett,Xayah,Gangplank,Rek'Sai,2231,0,7,2,3,15,12,2,0,0,0,1,1,0,0,0.4034,0.7261,0,1,15801,424.9485,0.222399,913.662,1054.9619,21,0.5648,10,0.2689,13,47,1.264,13981,9154,246.1856,0.22394,11850,191,33,158,72,21,5.1367,4347,3866,66,3156,3120,57,1191,746,9,5515,5239,90,4707,4905,87,808,334,3
Spring,0,1,10.04,3,Blue,mid,Froggen,Dignitas,Zoe,Yuumi,Sett,Xayah,Gangplank,Rek'Sai,2231,0,3,3,7,15,12,0,0,0,0,0,0,0,0,0.4034,0.7261,0,0,21499,578.1892,0.302598,343.9982,153.5634,12,0.3227,13,0.3496,7,42,1.1295,12895,8068,216.9789,0.197373,12425,260,243,17,12,5,6.9924,3245,4607,81,3294,4601,89,-49,6,-8,5297,6367,117,4692,6167,124,605,200,-7
Spring,0,1,10.04,4,Blue,bot,Johnsun,Dignitas,Aphelios,Yuumi,Sett,Xayah,Gangplank,Rek'Sai,2231,0,2,2,6,15,12,0,0,0,0,0,0,0,0,0.4034,0.7261,0,0,13308,357.9023,0.18731,247.0193,408.0592,16,0.4303,17,0.4572,5,48,1.2909,15405,10578,284.4823,0.258775,14775,356,333,23,17,0,9.5742,3660,2801,83,3413,3157,83,247,-356,0,5633,4860,129,5486,4784,112,147,76,17
Summer,0,1,10.12,6,Red,top,Lourlo,Dignitas,Volibear,Varus,Twisted Fate,Aphelios,LeBlanc,Ekko,1737,0,0,2,0,4,8,0,0,0,0,0,0,0,0,0.1382,0.4145,0,0,2629,90.8117,0.0799453,633.7824,642.6943,13,0.4491,2,0.0691,5,28,0.9672,8930,5111,176.5458,0.195009,9028,222,218,4,0,0,7.6684,3205,4924,84,3070,4440,80,135,484,4,4835,7483,132,5053,6916,126,-218,567,6
Summer,0,1,10.12,7,Red,jng,Akaadian,Dignitas,Lee Sin,Varus,Twisted Fate,Aphelios,LeBlanc,Ekko,1737,0,2,3,1,4,8,0,0,0,0,0,0,0,1,0.1382,0.4145,0,0,3994,137.962,0.121454,754.1623,650.8808,10,0.3454,8,0.2763,5,29,1.0017,8761,4942,170.7081,0.188561,8400,164,13,151,104,14,5.6649,2845,2722,56,2690,2816,51,155,-94,5,4436,4716,88,4012,4205,74,424,511,14
Summer,0,1,10.12,8,Red,mid,Froggen,Dignitas,Orianna,Varus,Twisted Fate,Aphelios,LeBlanc,Ekko,1737,0,1,0,3,4,8,0,0,0,0,0,0,0,0,0.1382,0.4145,0,3,16867,582.6252,0.512909,454.0587,293.2642,13,0.4491,6,0.2073,7,20,0.6908,11790,7971,275.3368,0.304134,11275,306,289,17,10,7,10.5699,3461,4608,99,3456,4980,96,5,-372,3,6032,8151,175,5668,8466,169,364,-315,6
Summer,0,1,10.12,9,Red,bot,Johnsun,Dignitas,Kai'Sa,Varus,Twisted Fate,Aphelios,LeBlanc,Ekko,1737,0,1,1,2,4,8,0,0,0,0,0,0,0,0,0.1382,0.4145,0,0,6124,211.5371,0.186225,367.4266,181.8307,14,0.4836,6,0.2073,7,30,1.0363,10428,6609,228.2902,0.252166,9625,264,248,16,13,0,9.1192,3240,3148,87,3430,3492,98,-190,-344,-11,4899,5596,139,5406,5344,157,-507,252,-18
Summer,0,1,10.12,10,Red,sup,aphromoo,Dignitas,Bard,Varus,Twisted Fate,Aphelios,LeBlanc,Ekko,1737,0,0,2,3,4,8,0,0,0,0,0,0,0,0,0.1382,0.4145,0,0,3271,112.9879,0.0994678,434.266,311.4335,46,1.5889,6,0.2073,8,85,2.9361,5395,1576,54.4387,0.0601299,5150,24,24,0,0,0,0.829,2100,2727,12,1984,2647,2,116,80,10,2972,3736,17,2962,4263,2,10,-527,15
Spring,0,1,10.03,1,Blue,top,Huni,Dignitas,Mordekaiser,Xayah,Ezreal,Yuumi,Aatrox,Syndra,1779,1,5,1,9,17,4,1,0,0,0,1,0,1,0,0.5734,0.7083,0,0,17985,606.5767,0.315211,667.1164,681.4165,12,0.4047,7,0.2361,5,36,1.2142,13684,9779,329.8145,0.256503,12375,280,260,20,11,2,9.4435,3606,4745,85,2999,4619,73,607,126,12,5703,8065,152,4473,7320,115,1230,745,37
Spring,0,1,10.03,2,Blue,jng,Grig,Dignitas,Jarvan IV,Xayah,Ezreal,Yuumi,Aatrox,Syndra,1779,1,3,0,11,17,4,0,0,0,0,1,1,0,0,0.5734,0.7083,0,0,5554,187.3187,0.0973413,688.9713,756.4924,11,0.371,11,0.371,10,45,1.5177,10797,6892,232.4452,0.180779,9600,168,21,147,72,19,5.6661,3693,3294,64,2744,2542,45,949,752,19,5133,4692,92,4197,4123,75,936,569,17
Spring,0,1,10.03,3,Blue,mid,Froggen,Dignitas,Orianna,Xayah,Ezreal,Yuumi,Aatrox,Syndra,1779,1,5,0,11,17,4,1,1,0,0,0,0,0,0,0.5734,0.7083,0,0,18787,633.6256,0.329267,151.5683,142.7656,15,0.5059,6,0.2024,6,27,0.9106,13259,9354,315.4806,0.245356,11850,287,259,28,24,1,9.6796,3505,5097,100,3426,5200,92,79,-103,8,5887,8677,169,5697,8445,157,190,232,12
Spring,0,1,10.03,4,Blue,bot,Johnsun,Dignitas,Aphelios,Xayah,Ezreal,Yuumi,Aatrox,Syndra,1779,1,4,0,7,17,4,0,0,0,0,0,0,0,0,0.5734,0.7083,1,0,12067,406.9815,0.21149,171.5346,340.9106,16,0.5396,12,0.4047,6,53,1.7875,12876,8971,302.5632,0.23531,11525,286,267,19,13,0,9.6459,3287,3126,86,3714,3224,87,-427,-98,-1,5318,5311,146,5811,6201,159,-493,-890,-13
Spring,0,1,10.03,5,Blue,sup,aphromoo,Dignitas,Thresh,Xayah,Ezreal,Yuumi,Aatrox,Syndra,1779,1,0,3,14,17,4,0,0,0,0,0,0,0,0,0.5734,0.7083,0,0,2664,89.8482,0.0466902,238.8196,200.2024,41,1.3828,11,0.371,14,70,2.3609,7033,3128,105.4975,0.0820518,6200,29,29,0,0,0,0.9781,2108,2579,13,2371,2388,12,-263,191,1,3232,4062,19,3458,3629,20,-226,433,-1
Spring,0,1,10.06,1,Blue,top,Huni,Dignitas,Aatrox,Syndra,Ornn,Tahm Kench,Sylas,LeBlanc,2163,1,2,3,9,15,8,0,0,0,0,0,0,0,1,0.4161,0.638,0,0,18027,500.0555,0.206185,997.0874,994.7018,14,0.3883,4,0.111,8,30,0.8322,12796,8108,224.9098,0.203703,11300,249,229,20,7,4,6.9071,3015,4293,68,3609,4719,83,-594,-426,-15,4827,7021,122,5821,7901,143,-994,-880,-21
Spring,0,1,10.06,2,Blue,jng,Akaadian,Dignitas,Pantheon,Syndra,Ornn,Tahm Kench,Sylas,LeBlanc,2163,1,7,1,5,15,8,2,0,0,0,0,0,0,0,0.4161,0.638,0,0,13481,373.9528,0.15419,720.3329,488.0999,9,0.2497,16,0.4438,10,54,1.4979,13148,8460,234.6741,0.212547,11625,176,35,141,92,1,4.8821,3247,3194,56,3065,3221,59,182,-27,-3,4961,5008,82,4421,5214,88,540,-206,-6
Spring,0,1,10.06,3,Blue,mid,Froggen,Dignitas,Orianna,Syndra,Ornn,Tahm Kench,Sylas,LeBlanc,2163,1,3,0,7,15,8,0,0,0,0,0,0,0,0,0.4161,0.638,0,0,28671,795.3121,0.327927,288.3773,252.233,14,0.3883,15,0.4161,9,56,1.5534,15225,10537,292.2885,0.26473,14185,316,295,21,17,0,8.7656,3449,5043,100,2989,4487,76,460,556,24,5854,8319,168,4815,7275,134,1039,1044,34
Spring,0,1,10.06,4,Blue,bot,Johnsun,Dignitas,Aphelios,Syndra,Ornn,Tahm Kench,Sylas,LeBlanc,2163,1,3,1,5,15,8,0,0,0,0,0,0,0,0,0.4161,0.638,1,0,22957,636.81,0.262573,225.742,379.4452,17,0.4716,17,0.4716,7,62,1.7198,14192,9504,263.6338,0.238777,13425,300,254,46,27,4,8.3218,3279,3146,88,3364,3268,93,-85,-122,-5,5040,4669,123,5023,5497,144,17,-828,-21
Spring,0,1,10.06,5,Blue,sup,aphromoo,Dignitas,Nautilus,Syndra,Ornn,Tahm Kench,Sylas,LeBlanc,2163,1,0,3,6,15,8,0,0,0,0,0,0,0,0,0.4161,0.638,0,0,4295,119.1401,0.0491245,398.8627,667.1012,48,1.3315,8,0.2219,14,88,2.4411,7882,3194,88.5992,0.0802434,7050,35,35,0,0,0,0.9709,2112,2842,17,1980,2483,12,132,359,5,3326,4312,26,3016,3426,20,310,886,6
Spring,0,1,10.06,6,Red,top,Huni,Dignitas,Renekton,Senna,Aphelios,Syndra,Olaf,Trundle,2735,0,3,5,6,13,16,0,0,0,0,0,0,0,0,0.2852,0.6362,0,0,24290,532.8702,0.238158,1105.1846,1061.1115,13,0.2852,15,0.3291,7,55,1.2066,15219,9364,205.426,0.215557,15005,321,293,28,9,6,7.042,2885,4369,73,3041,4561,69,-156,-192,4,5222,7339,128,4558,7278,115,664,61,13
Spring,0,1,10.06,7,Red,jng,Akaadian,Dignitas,Pantheon,Senna,Aphelios,Syndra,Olaf,Trundle,2735,0,5,5,4,13,16,0,0,0,0,0,0,0,0,0.2852,0.6362,0,0,14004,307.2176,0.137306,995.6709,688.1682,20,0.4388,17,0.3729,19,53,1.1627,14410,8555,187.6782,0.196934,14175,231,37,194,144,4,5.0676,2814,2957,52,2977,3217,66,-163,-260,-14,4655,4888,86,4625,4678,97,30,210,-11
Spring,0,1,10.06,8,Red,mid,Froggen,Dignitas,Viktor,Senna,Aphelios,Syndra,Olaf,Trundle,2735,0,3,1,5,13,16,0,0,0,0,1,1,0,0,0.2852,0.6362,0,0,36179,793.6892,0.354727,274.1353,373.6892,18,0.3949,9,0.1974,11,43,0.9433,16163,10308,226.1353,0.237287,16125,375,334,41,34,0,8.2267,3674,4803,88,3437,4799,95,237,4,-7,5588,7687,146,5688,8167,162,-100,-480,-16
Spring,0,1,10.06,9,Red,bot,Johnsun,Dignitas,Ashe,Senna,Aphelios,Syndra,Olaf,Trundle,2735,0,2,3,8,13,16,0,0,0,0,1,0,1,0,0.2852,0.6362,0,2,24753,543.0274,0.242698,312.5923,373.075,20,0.4388,40,0.8775,9,148,3.2468,18038,12183,267.2687,0.280449,18325,428,388,40,34,0,9.3894,3434,3341,91,3141,3241,88,293,100,3,5429,5458,147,4966,5109,142,463,349,5
Spring,0,1,10.06,10,Red,sup,aphromoo,Dignitas,Tahm Kench,Senna,Aphelios,Syndra,Olaf,Trundle,2735,0,0,2,11,13,16,0,0,0,0,1,0,1,0,0.2852,0.6362,0,0,2765,60.6581,0.0271102,517.3382,716.3583,70,1.5356,7,0.1536,20,94,2.0622,8886,3031,66.4936,0.0697728,7470,30,30,0,0,0,0.6581,2019,2448,12,1967,1956,11,52,492,1,3216,4346,20,3069,3533,17,147,813,3
Spring,0,1,10.04,6,Red,top,Huni,Dignitas,Mordekaiser,Ornn,Aphelios,Senna,Olaf,LeBlanc,1895,0,0,3,1,2,8,0,0,0,0,0,0,0,0,0.0633,0.3166,0,0,6870,217.5198,0.244336,454.2586,503.6201,10,0.3166,6,0.19,5,24,0.7599,9565,5424,171.7361,0.195537,9330,247,242,5,5,0,7.8206,3141,4721,81,3361,5005,95,-220,-284,-14,4618,7335,127,5271,8083,155,-653,-748,-28
Spring,0,1,10.04,7,Red,jng,Akaadian,Dignitas,Rek'Sai,Ornn,Aphelios,Senna,Olaf,LeBlanc,1895,0,0,2,0,2,8,0,0,0,0,0,0,0,0,0.0633,0.3166,0,0,2373,75.1346,0.0843973,721.1715,432.7599,31,0.9815,17,0.5383,13,71,2.248,8489,4348,137.6675,0.156744,8150,183,28,155,113,4,5.7942,2846,2752,56,3028,3114,60,-182,-362,-4,4376,4758,96,4474,4700,89,-98,58,7
Spring,0,1,10.04,8,Red,mid,Froggen,Dignitas,Zoe,Ornn,Aphelios,Senna,Olaf,LeBlanc,1895,0,1,0,1,2,8,0,0,0,0,0,0,0,0,0.0633,0.3166,0,0,8878,281.0976,0.315752,215.5251,86.9446,13,0.4116,7,0.2216,9,31,0.9815,11529,7388,233.9208,0.266345,11560,311,291,20,20,0,9.847,3396,4945,93,3335,4861,95,61,84,-2,5314,7691,153,5510,7820,158,-196,-129,-5
Spring,0,1,10.04,9,Red,bot,Johnsun,Dignitas,Miss Fortune,Ornn,Aphelios,Senna,Olaf,LeBlanc,1895,0,0,1,2,2,8,0,0,0,0,0,0,0,0,0.0633,0.3166,0,2,8056,255.0712,0.286517,239.9367,295.029,14,0.4433,9,0.285,4,39,1.2348,12356,8215,260.1055,0.29616,12500,324,310,14,6,0,10.2586,3174,3245,84,3387,3101,93,-213,144,-9,5026,5983,145,5466,5060,141,-440,923,4
Spring,0,1,10.04,10,Red,sup,aphromoo,Dignitas,Thresh,Ornn,Aphelios,Senna,Olaf,LeBlanc,1895,0,1,2,0,2,8,0,0,0,0,0,0,0,1,0.0633,0.3166,0,0,1940,61.4248,0.0689974,274.5435,300.3166,35,1.1082,14,0.4433,10,87,2.7546,6505,2364,74.8496,0.0852147,5850,38,38,0,0,0,1.2032,2060,2760,14,2183,3100,18,-123,-340,-4,3035,3570,21,3792,4320,30,-757,-750,-9
Summer,0,1,10.15,1,Blue,top,V1per,Dignitas,Sett,Olaf,Karma,Volibear,Urgot,Poppy,2587,0,4,5,3,13,15,1,0,0,0,0,0,0,0,0.3015,0.6494,0,2,19194,445.1643,0.196005,837.4952,1262.7368,9,0.2087,6,0.1392,9,29,0.6726,15793,10240,237.4952,0.229042,15425,323,290,33,5,12,7.4913,3699,4531,79,2765,3871,60,934,660,19,6167,7464,138,4490,6822,115,1677,642,23
Summer,0,1,10.15,2,Blue,jng,Dardoch,Dignitas,Lee Sin,Olaf,Karma,Volibear,Urgot,Poppy,2587,0,2,6,7,13,15,0,0,0,0,1,0,1,0,0.3015,0.6494,0,0,10993,254.9594,0.112258,737.673,1010.1198,23,0.5334,16,0.3711,13,65,1.5075,13436,7883,182.8295,0.176322,14052,222,31,191,125,26,5.1488,3246,3320,55,2863,2650,48,383,670,7,5682,5330,88,4449,4406,78,1233,924,10
Summer,0,1,10.15,3,Blue,mid,Fenix,Dignitas,LeBlanc,Olaf,Karma,Volibear,Urgot,Poppy,2587,0,3,0,4,13,15,0,0,0,0,1,1,0,0,0.3015,0.6494,0,1,33022,765.8755,0.337214,585.9219,414.4105,14,0.3247,10,0.2319,11,49,1.1365,14667,9114,211.38,0.203856,14775,327,303,24,20,0,7.5841,3888,4973,83,3167,4112,78,721,861,5,5894,8066,144,5522,7359,142,372,707,2
Summer,0,1,10.15,4,Blue,bot,Johnsun,Dignitas,Caitlyn,Olaf,Karma,Volibear,Urgot,Poppy,2587,0,3,2,3,13,15,0,0,0,0,0,0,0,0,0.3015,0.6494,0,0,25997,602.9455,0.265476,376.4206,284.0897,20,0.4639,27,0.6262,7,86,1.9946,19441,13888,322.1028,0.310639,20275,489,446,43,26,4,11.3413,3492,3202,95,3266,2982,78,226,220,17,5374,5431,149,4970,5038,120,404,393,29
Summer,0,1,10.15,5,Blue,sup,aphromoo,Dignitas,Lux,Olaf,Karma,Volibear,Urgot,Poppy,2587,0,1,2,7,13,15,0,0,0,0,0,0,0,0,0.3015,0.6494,0,0,8720,202.242,0.0890468,142.961,253.823,50,1.1596,13,0.3015,16,94,2.1801,9136,3583,83.1001,0.0801412,8550,47,47,0,0,0,1.0901,2033,2596,14,2238,2549,12,-205,47,2,3126,3835,24,3409,3806,20,-283,29,4
Summer,1,1,10.16,1,Blue,top,V1per,Dignitas,Renekton,LeBlanc,Akali,Ashe,Nidalee,Zilean,2114,0,3,4,4,10,13,0,0,0,0,0,0,0,1,0.2838,0.6528,0,0,11474,325.6575,0.26754,785.0804,645.1277,12,0.3406,6,0.1703,3,30,0.8515,13140,8552,242.7247,0.226634,12275,297,293,4,1,0,8.4295,3125,4258,79,3750,4770,83,-625,-512,-4,4886,6298,115,6133,7571,123,-1247,-1273,-8
Summer,1,1,10.16,2,Blue,jng,Dardoch,Dignitas,Olaf,LeBlanc,Akali,Ashe,Nidalee,Zilean,2114,0,0,3,5,10,13,0,0,0,0,0,0,0,0,0.2838,0.6528,0,1,8699,246.8969,0.202835,1016.4522,1060.9272,9,0.2554,7,0.1987,12,41,1.1637,12369,7781,220.842,0.206201,11750,256,49,207,145,12,7.2658,3610,3859,72,3142,2808,56,468,1051,16,5363,6076,111,4677,5287,92,686,789,19
Summer,1,1,10.16,3,Blue,mid,Fenix,Dignitas,Orianna,LeBlanc,Akali,Ashe,Nidalee,Zilean,2114,0,2,3,4,10,13,1,0,0,0,0,0,0,0,0.2838,0.6528,0,0,7175,203.6424,0.1673,386.3387,329.8013,9,0.2554,7,0.1987,6,22,0.6244,12887,8299,235.544,0.219929,12300,312,268,44,40,4,8.8553,3892,4992,92,3666,5025,90,226,-33,2,5918,7753,139,6920,8224,145,-1002,-471,-6
Summer,1,1,10.16,4,Blue,bot,Johnsun,Dignitas,Senna,LeBlanc,Akali,Ashe,Nidalee,Zilean,2114,0,5,1,2,10,13,1,0,0,0,0,0,0,0,0.2838,0.6528,0,0,13592,385.7711,0.316926,357.5024,202.9896,18,0.5109,14,0.3974,7,54,1.5326,15452,10864,308.3444,0.287904,14225,312,300,12,12,0,8.8553,3839,3706,91,3278,2845,82,561,861,9,6277,6141,132,5542,5327,132,735,814,0
Summer,1,1,10.16,5,Blue,sup,aphromoo,Dignitas,Braum,LeBlanc,Akali,Ashe,Nidalee,Zilean,2114,0,0,2,3,10,13,0,0,0,0,0,0,0,0,0.2838,0.6528,0,0,1947,55.2602,0.0453984,351.088,249.9905,53,1.5043,12,0.3406,17,87,2.4693,6827,2239,63.5478,0.0593319,6425,34,34,0,0,0,0.965,2226,2764,15,1858,2703,2,368,61,13,3354,3502,22,3005,4427,11,349,-925,11
Summer,0,1,10.14,6,Red,top,V1per,Dignitas,Jayce,Olaf,Volibear,Twisted Fate,Galio,Orianna,1522,0,0,4,1,3,9,0,0,0,0,0,0,0,1,0.1183,0.4731,0,0,6520,257.0302,0.224657,405.7687,210.9461,10,0.3942,1,0.0394,2,15,0.5913,7864,4484,176.7674,0.204292,7325,194,190,4,4,0,7.6478,2974,4190,67,3627,4695,80,-653,-505,-13,4749,6467,108,6327,7576,123,-1578,-1109,-15
Summer,0,1,10.14,7,Red,jng,Dardoch,Dignitas,Karthus,Olaf,Volibear,Twisted Fate,Galio,Orianna,1522,0,3,3,0,3,9,0,0,0,0,0,0,0,0,0.1183,0.4731,0,0,9321,367.4507,0.32117,743.8502,297.9501,6,0.2365,6,0.2365,7,24,0.9461,8754,5374,211.8528,0.244845,8625,177,19,158,128,7,6.9777,3973,4342,74,3505,3653,70,468,689,4,6020,7138,119,5087,5322,100,933,1816,19
Summer,0,1,10.14,8,Red,mid,Fenix,Dignitas,Ekko,Olaf,Volibear,Twisted Fate,Galio,Orianna,1522,0,0,2,1,3,9,0,0,0,0,0,0,0,0,0.1183,0.4731,0,0,5554,218.9488,0.191372,548.1997,365.6373,7,0.276,5,0.1971,4,19,0.749,9281,5901,232.6281,0.268858,9000,237,225,12,7,0,9.343,3404,5187,91,3519,4811,99,-115,376,-8,5592,8372,155,5420,7869,157,172,503,-2
Summer,0,1,10.14,9,Red,bot,Johnsun,Dignitas,Ashe,Olaf,Volibear,Twisted Fate,Galio,Orianna,1522,0,0,0,0,3,9,0,0,0,0,0,0,0,0,0.1183,0.4731,0,1,6195,244.2181,0.213459,239.0933,100.565,12,0.4731,8,0.3154,6,35,1.3798,7958,4578,180.4731,0.208575,8000,201,197,4,0,0,7.9238,3169,2611,77,3407,3270,94,-238,-659,-17,4760,4490,121,5412,5426,150,-652,-936,-29
Summer,0,1,10.14,10,Red,sup,aphromoo,Dignitas,Tahm Kench,Olaf,Volibear,Twisted Fate,Galio,Orianna,1522,0,0,0,0,3,9,0,0,0,0,0,0,0,0,0.1183,0.4731,0,0,1432,56.452,0.0493419,224.9014,146.4126,26,1.025,3,0.1183,10,43,1.6951,4992,1612,63.548,0.0734291,3950,28,28,0,0,0,1.1038,2082,2701,11,2089,2945,12,-7,-244,-1,3042,3808,17,3288,4164,19,-246,-356,-2
Spring,0,1,10.04,6,Red,top,Huni,Dignitas,Lucian,Aphelios,Senna,Sett,Zoe,Syndra,1861,0,0,3,1,1,10,0,0,0,0,0,0,0,0,0.0322,0.3546,0,1,9848,317.5067,0.368991,490.0591,248.2214,7,0.2257,6,0.1934,3,20,0.6448,10414,6342,204.4707,0.235596,10175,254,245,9,7,1,8.1891,3166,4478,88,2961,4198,64,205,280,24,4696,6129,121,4407,6562,98,289,-433,23
Spring,0,1,10.04,7,Red,jng,Grig,Dignitas,Elise,Aphelios,Senna,Sett,Zoe,Syndra,1861,0,1,2,0,1,10,0,0,0,0,0,0,0,0,0.0322,0.3546,0,0,4222,136.1204,0.158193,511.4347,211.3057,21,0.6771,13,0.4191,7,52,1.6765,8511,4439,143.1166,0.164902,8350,170,34,136,104,8,5.4809,3202,3285,68,3214,3353,67,-12,-68,1,4702,5354,106,5011,5027,100,-309,327,6
Spring,0,1,10.04,8,Red,mid,Froggen,Dignitas,Anivia,Aphelios,Senna,Sett,Zoe,Syndra,1861,0,0,2,1,1,10,0,0,0,0,0,0,0,0,0.0322,0.3546,0,1,3826,123.353,0.143355,558.9253,410.7147,14,0.4514,4,0.129,12,25,0.806,10564,6492,209.3068,0.241168,10535,275,252,23,20,2,8.8662,3743,5048,103,3482,4942,98,261,106,5,5316,7196,147,5598,7849,154,-282,-653,-7
Spring,0,1,10.04,9,Red,bot,Johnsun,Dignitas,Jinx,Aphelios,Senna,Sett,Zoe,Syndra,1861,0,0,2,0,1,10,0,0,0,0,0,0,0,0,0.0322,0.3546,0,1,7426,239.4197,0.278242,273.3692,307.8667,12,0.3869,16,0.5159,3,40,1.2896,11845,7773,250.6072,0.288756,11775,325,298,27,23,0,10.4782,3960,3523,102,3974,3386,100,-14,137,2,5589,5571,150,6560,5697,154,-971,-126,-4
Spring,0,1,10.04,10,Red,sup,aphromoo,Dignitas,Tahm Kench,Aphelios,Senna,Sett,Zoe,Syndra,1861,0,0,1,0,1,10,0,0,0,0,0,0,0,1,0.0322,0.3546,0,0,1367,44.0731,0.0512196,227.9097,266.0828,35,1.1284,8,0.2579,9,71,2.2891,5945,1873,60.3869,0.0695781,5775,26,26,0,0,0,0.8383,2427,2664,11,2534,2708,12,-107,-44,-1,3224,3248,15,3837,3973,18,-613,-725,-3
Summer,0,1,10.15,1,Blue,top,V1per,Dignitas,Renekton,Olaf,Kalista,Ezreal,Jayce,Galio,2467,0,2,3,8,13,12,0,0,0,0,1,0,1,0,0.3162,0.608,0,1,10334,251.3336,0.129065,990.1824,1210.5067,18,0.4378,5,0.1216,6,34,0.8269,14309,9001,218.9137,0.201843,13875,309,301,8,3,1,7.5152,3151,4382,72,3300,4463,85,-149,-81,-13,5038,7542,133,5295,7186,139,-257,356,-6
Summer,0,1,10.15,2,Blue,jng,Dardoch,Dignitas,Lillia,Olaf,Kalista,Ezreal,Jayce,Galio,2467,0,3,4,6,13,12,0,0,0,0,1,1,0,0,0.3162,0.608,0,0,18954,460.9809,0.236724,793.4009,595.6465,10,0.2432,19,0.4621,14,66,1.6052,14987,9679,235.4033,0.217048,17225,311,76,235,174,12,7.5638,3564,3866,67,3290,3723,76,274,143,-9,5639,6259,109,5278,6120,122,361,139,-13
Summer,0,1,10.15,3,Blue,mid,Fenix,Dignitas,Sett,Olaf,Kalista,Ezreal,Jayce,Galio,2467,0,2,2,10,13,12,0,0,0,0,0,0,0,0,0.3162,0.608,0,0,15007,364.9858,0.187428,967.4909,1831.7146,11,0.2675,5,0.1216,8,34,0.8269,14368,9060,220.3486,0.203166,15840,281,274,7,5,0,6.8342,3094,4897,81,3533,5203,101,-439,-306,-20,5012,7620,122,5215,7805,150,-203,-185,-28
Summer,0,1,10.15,4,Blue,bot,Johnsun,Dignitas,Ashe,Olaf,Kalista,Ezreal,Jayce,Galio,2467,0,5,1,7,13,12,1,0,0,0,0,0,0,0,0.3162,0.608,0,0,28635,696.4329,0.357634,471.1471,324.7102,18,0.4378,27,0.6567,7,100,2.4321,18611,13303,323.5428,0.298317,18225,414,382,32,20,0,10.0689,3400,3247,94,3448,3152,99,-48,95,-5,5164,5275,137,5036,4835,139,128,440,-2
Summer,0,1,10.15,5,Blue,sup,aphromoo,Dignitas,Karma,Olaf,Kalista,Ezreal,Jayce,Galio,2467,0,1,2,9,13,12,0,0,0,0,0,0,0,0,0.3162,0.608,0,0,7138,173.6036,0.0891492,290.4905,227.5963,63,1.5322,25,0.608,22,105,2.5537,8859,3551,86.364,0.0796258,8400,52,52,0,0,0,1.2647,2112,2705,18,2034,2971,12,78,-266,6,3538,3941,24,3297,4092,22,241,-151,2
Spring,0,1,10.03,6,Red,top,Huni,Dignitas,Soraka,Aatrox,Xayah,Irelia,Jarvan IV,Zoe,1770,1,0,2,7,13,7,0,0,0,0,0,0,0,1,0.4407,0.678,0,0,10266,348,0.186763,304.6102,214.8475,14,0.4746,2,0.0678,6,27,0.9153,8904,5018,170.1017,0.15191,8800,170,170,0,0,0,5.7627,2768,4627,65,3021,4475,65,-253,152,0,4560,7676,121,4709,7255,112,-149,421,9
Spring,0,1,10.03,7,Red,jng,Grig,Dignitas,Olaf,Aatrox,Xayah,Irelia,Jarvan IV,Zoe,1770,1,6,1,3,13,7,1,0,0,0,0,0,0,0,0.4407,0.678,0,0,12102,410.2373,0.220164,1052.6441,843.2881,11,0.3729,14,0.4746,10,53,1.7966,11646,7760,263.0508,0.234926,10300,176,30,146,90,12,5.9661,3351,3887,79,3272,2916,56,79,971,23,4806,6042,113,4835,4788,91,-29,1254,22
Spring,0,1,10.03,8,Red,mid,Froggen,Dignitas,Ornn,Aatrox,Xayah,Irelia,Jarvan IV,Zoe,1770,1,1,2,8,13,7,0,0,0,0,0,0,0,0,0.4407,0.678,0,0,9092,308.2034,0.165405,813.1186,1227.7288,15,0.5085,3,0.1017,5,24,0.8136,9942,6056,205.2881,0.183336,8575,203,203,0,0,0,6.8814,3120,4503,78,3225,4567,83,-105,-64,-5,5193,7044,128,4722,6886,121,471,158,7
Spring,0,1,10.03,9,Red,bot,Johnsun,Dignitas,Miss Fortune,Aatrox,Xayah,Irelia,Jarvan IV,Zoe,1770,1,6,1,6,13,7,2,0,0,0,0,0,0,0,0.4407,0.678,1,0,18948,642.3051,0.34471,177.4915,304.9492,13,0.4407,8,0.2712,3,40,1.3559,14322,10436,353.7627,0.315943,13225,315,275,40,28,4,10.678,3104,3010,81,3268,3230,87,-164,-220,-6,5408,5497,144,4942,5383,134,466,114,10
Spring,0,1,10.03,10,Red,sup,aphromoo,Dignitas,Leona,Aatrox,Xayah,Irelia,Jarvan IV,Zoe,1770,1,0,1,10,13,7,0,0,0,0,0,0,0,0,0.4407,0.678,0,0,4560,154.5763,0.0829574,455.0508,650.6441,33,1.1186,17,0.5763,9,96,3.2542,7648,3762,127.5254,0.113884,6925,34,34,0,0,0,1.1525,2062,2505,11,2100,2697,18,-38,-192,-7,3694,4020,23,3135,3900,23,559,120,0
Summer,1,2,10.16,1,Blue,top,V1per,Dignitas,Renekton,LeBlanc,Akali,Ashe,Irelia,Zilean,1868,0,0,5,3,7,21,0,0,0,0,0,0,0,0,0.2248,0.8994,0,0,9508,305.3961,0.131455,944.7109,672.1413,15,0.4818,6,0.1927,5,32,1.0278,10072,5986,192.2698,0.212285,9425,238,238,0,0,0,7.6445,3319,4644,74,3511,4579,85,-192,65,-11,4918,7412,119,4869,6486,121,49,926,-2
Summer,1,2,10.16,2,Blue,jng,Dardoch,Dignitas,Kayn,LeBlanc,Akali,Ashe,Irelia,Zilean,1868,0,2,6,5,7,21,0,0,0,0,1,1,0,0,0.2248,0.8994,0,1,11948,383.7687,0.16519,1084.6895,735.8672,9,0.2891,12,0.3854,8,43,1.3812,9829,5743,184.4647,0.203667,9135,190,38,152,129,4,6.1028,3430,2871,55,3950,3845,70,-520,-974,-15,5283,5246,91,7075,7249,127,-1792,-2003,-36
Summer,1,2,10.16,3,Blue,mid,Fenix,Dignitas,Zoe,LeBlanc,Akali,Ashe,Irelia,Zilean,1868,0,5,2,2,7,21,1,1,1,0,1,0,1,0,0.2248,0.8994,0,0,34424,1105.6959,0.475936,426.3919,245.7816,8,0.257,4,0.1285,3,19,0.6103,11737,7651,245.7495,0.271335,11725,224,220,4,4,0,7.1949,3565,4549,79,3659,4752,81,-94,-203,-2,5278,7045,124,5689,7686,134,-411,-641,-10
Summer,1,2,10.16,4,Blue,bot,Johnsun,Dignitas,Senna,LeBlanc,Akali,Ashe,Irelia,Zilean,1868,0,0,3,5,7,21,0,0,0,0,0,0,0,0,0.2248,0.8994,0,2,12818,411.7131,0.177218,345.6745,189.9893,13,0.4176,7,0.2248,6,28,0.8994,10661,6575,211.1884,0.233174,10450,245,237,8,0,0,7.8694,3629,3362,96,3422,3548,92,207,-186,4,5462,5436,131,6379,6256,156,-917,-820,-25
Summer,1,2,10.16,5,Blue,sup,aphromoo,Dignitas,Leona,LeBlanc,Akali,Ashe,Irelia,Zilean,1868,0,0,5,3,7,21,0,0,0,0,0,0,0,0,0.2248,0.8994,0,1,3631,116.6274,0.0502012,619.7216,934.4325,38,1.2206,16,0.5139,14,79,2.5375,6329,2243,72.045,0.0795378,5950,42,42,0,0,0,1.349,2233,2666,16,2121,2410,12,112,256,4,3304,3875,26,3574,3937,20,-270,-62,6
Summer,1,3,10.16,6,Red,top,V1per,Dignitas,Ornn,LeBlanc,Akali,Irelia,Zilean,Shen,1685,0,1,3,1,3,9,0,0,0,0,0,0,0,1,0.1068,0.4273,0,0,8577,305.4125,0.215286,632.1187,906.9436,13,0.4629,2,0.0712,5,22,0.7834,8385,4672,166.362,0.200051,7395,195,192,3,2,0,6.9436,2929,4434,68,3540,4928,83,-611,-494,-15,4556,7504,116,5881,7731,135,-1325,-227,-19
Summer,1,3,10.16,7,Red,jng,Dardoch,Dignitas,Kindred,LeBlanc,Akali,Irelia,Zilean,Shen,1685,0,0,2,2,3,9,0,0,0,0,0,0,0,0,0.1068,0.4273,0,0,4382,156.0356,0.10999,660.5697,320.5104,4,0.1424,8,0.2849,5,30,1.0682,7686,3973,141.4718,0.170121,7550,159,17,142,95,14,5.6617,2992,3308,61,3313,3833,67,-321,-525,-6,4522,5258,94,5313,6036,103,-791,-778,-9
Summer,1,3,10.16,8,Red,mid,Fenix,Dignitas,Zoe,LeBlanc,Akali,Irelia,Zilean,Shen,1685,0,0,2,0,3,9,0,0,0,0,0,0,0,0,0.1068,0.4273,0,1,9310,331.5134,0.233685,363.7745,202.8605,10,0.3561,1,0.0356,3,16,0.5697,8935,5222,185.9466,0.223602,9175,244,232,12,12,0,8.6884,3410,4789,100,3944,4859,100,-534,-70,0,5337,7590,157,6283,7888,158,-946,-298,-1
Summer,1,3,10.16,9,Red,bot,Johnsun,Dignitas,Ashe,LeBlanc,Akali,Irelia,Zilean,Shen,1685,0,1,1,1,3,9,0,0,0,0,0,0,0,0,0.1068,0.4273,0,1,13120,467.181,0.329317,311.2166,167.5015,10,0.3561,8,0.2849,4,37,1.3175,10960,7247,258.0534,0.310311,10825,288,284,4,4,0,10.2552,3341,3087,88,3254,2932,80,87,155,8,6070,5679,146,5566,5391,139,504,288,7
Summer,1,3,10.16,10,Red,sup,aphromoo,Dignitas,Karma,LeBlanc,Akali,Irelia,Zilean,Shen,1685,0,1,1,1,3,9,0,0,0,0,0,0,0,0,0.1068,0.4273,0,0,4451,158.4926,0.111722,170.7062,118.6113,29,1.0326,7,0.2493,14,52,1.8516,5953,2240,79.7626,0.095915,5495,8,8,0,0,0,0.2849,2018,2783,0,2078,2629,7,-60,154,-7,3842,4137,2,2959,3628,9,883,509,-7
Spring,0,1,10.04,5,Blue,sup,aphromoo,Dignitas,Tahm Kench,Yuumi,Sett,Xayah,Gangplank,Rek'Sai,2231,0,1,2,6,15,12,0,0,0,0,0,0,0,0,0.4034,0.7261,0,0,3726,100.2062,0.0524434,530.8561,857.5347,49,1.3178,13,0.3496,12,102,2.7432,8443,3616,97.2479,0.0884627,7600,38,38,0,0,0,1.022,2619,2565,14,2373,2575,14,246,-10,0,3987,4159,23,3393,3341,18,594,818,5
Summer,0,1,10.12,1,Blue,top,V1per,Dignitas,Aatrox,Trundle,Olaf,Syndra,Nidalee,Morgana,2374,0,1,4,6,8,13,0,0,0,0,1,0,1,0,0.2022,0.5307,0,0,12530,316.6807,0.180267,839.5198,1019.7978,18,0.4549,4,0.1011,8,46,1.1626,12509,7390,186.7734,0.186532,12175,246,224,22,9,4,6.2174,3077,4734,79,3197,4982,81,-120,-248,-2,4946,6634,106,5540,7276,114,-594,-642,-8
Summer,0,1,10.12,2,Blue,jng,Akaadian,Dignitas,Graves,Trundle,Olaf,Syndra,Nidalee,Morgana,2374,0,0,3,5,8,13,0,0,0,0,0,0,0,0,0.2022,0.5307,0,0,14728,372.2325,0.211889,615.5181,579.6293,10,0.2527,8,0.2022,11,46,1.1626,12877,7758,196.0741,0.19582,12600,249,29,220,151,15,6.2932,3430,4028,77,2995,3372,66,435,656,11,5075,5865,101,4750,5417,102,325,448,-1
Summer,0,1,10.12,3,Blue,mid,Froggen,Dignitas,LeBlanc,Trundle,Olaf,Syndra,Nidalee,Morgana,2374,0,0,2,3,8,13,0,0,0,0,1,0,1,0,0.2022,0.5307,0,0,17291,437.0093,0.248763,523.572,265.7035,13,0.3286,7,0.1769,9,36,0.9099,13327,8208,207.4473,0.207178,13375,300,264,36,25,11,7.5821,3484,4997,100,3908,4874,100,-424,123,0,5245,7301,138,6561,8592,177,-1316,-1291,-39
Summer,0,1,10.12,4,Blue,bot,Johnsun,Dignitas,Kalista,Trundle,Olaf,Syndra,Nidalee,Morgana,2374,0,7,2,0,8,13,2,0,0,0,1,1,0,0,0.2022,0.5307,1,1,18276,461.904,0.262934,437.6664,409.2586,37,0.9351,21,0.5307,9,108,2.7296,17972,12853,324.8441,0.324416,16975,384,343,41,12,17,9.7051,3473,3447,98,3251,3268,86,222,179,12,5868,4928,130,4692,4684,116,1176,244,14
Summer,0,1,10.12,5,Blue,sup,aphromoo,Dignitas,Bard,Trundle,Olaf,Syndra,Nidalee,Morgana,2374,0,0,2,8,8,13,0,0,0,0,1,0,1,0,0.2022,0.5307,0,0,6683,168.9048,0.0961472,316.2511,332.8054,79,1.9966,23,0.5813,15,151,3.8163,8528,3409,86.1584,0.0860531,7025,28,28,0,0,0,0.7077,1823,2657,1,2037,2720,14,-214,-63,-13,2995,3825,5,3231,3818,19,-236,7,-14
Summer,0,1,10.11,1,Blue,top,V1per,Dignitas,Sett,Syndra,Varus,Ornn,Zilean,LeBlanc,1533,0,0,4,1,2,13,0,0,0,0,0,0,0,1,0.0783,0.5871,0,0,5678,222.2309,0.163429,632.7593,560.5479,10,0.3914,5,0.1957,2,17,0.6654,7056,3653,142.9746,0.167924,6800,163,163,0,0,0,6.3796,3147,4560,82,3462,5355,79,-315,-795,3,4535,6384,116,5200,7281,119,-665,-897,-3
Summer,0,1,10.11,2,Blue,jng,Akaadian,Dignitas,Nidalee,Syndra,Varus,Ornn,Zilean,LeBlanc,1533,0,1,2,1,2,13,0,0,0,0,0,0,0,0,0.0783,0.5871,0,0,6811,266.5753,0.196039,887.6321,482.1918,18,0.7045,7,0.274,7,43,1.683,8715,5312,207.9061,0.244184,7625,178,34,144,100,12,6.9667,3442,4342,76,3327,3516,67,115,826,9,5065,6398,114,5143,5386,99,-78,1012,15
Summer,0,1,10.11,3,Blue,mid,Froggen,Dignitas,Orianna,Syndra,Varus,Ornn,Zilean,LeBlanc,1533,0,1,3,1,2,13,0,0,0,0,0,0,0,0,0.0783,0.5871,0,0,9280,363.2094,0.267104,365.4795,233.1507,9,0.3523,2,0.0783,6,19,0.7436,8451,5048,197.5734,0.232049,8200,212,198,14,8,2,8.2975,3156,4250,85,3663,4683,98,-507,-433,-13,5309,7496,154,5728,7651,160,-419,-155,-6
Summer,0,1,10.11,4,Blue,bot,Johnsun,Dignitas,Ezreal,Syndra,Varus,Ornn,Zilean,LeBlanc,1533,0,0,2,0,2,13,0,0,0,0,0,0,0,0,0.0783,0.5871,0,2,11194,438.1213,0.322194,415.0294,320.2348,13,0.5088,2,0.0783,5,24,0.9393,9414,6011,235.2642,0.276316,9025,224,220,4,4,0,8.7671,3343,3485,92,3808,3400,93,-465,85,-1,6578,6206,149,6774,5916,151,-196,290,-2
Summer,0,1,10.11,5,Blue,sup,aphromoo,Dignitas,Lulu,Syndra,Varus,Ornn,Zilean,LeBlanc,1533,0,0,2,1,2,13,0,0,0,0,0,0,0,0,0.0783,0.5871,0,0,1780,69.6673,0.0512333,261.5264,115.4207,27,1.0568,11,0.4305,10,50,1.9569,5133,1730,67.7104,0.0795278,5025,40,40,0,0,0,1.5656,1912,2408,11,2396,2885,16,-484,-477,-5,3096,3363,25,3882,3677,22,-786,-314,3
Summer,0,1,10.14,1,Blue,top,V1per,Dignitas,Volibear,Rumble,Ezreal,Olaf,Gangplank,Jayce,2041,1,2,1,19,26,11,1,0,0,0,0,0,0,0,0.7643,1.0877,0,0,12625,371.1416,0.173656,534.9437,844.6448,17,0.4998,4,0.1176,6,30,0.8819,12378,7939,233.3856,0.179088,11400,219,215,4,0,4,6.438,2652,3749,61,3810,4603,76,-1158,-854,-15,4238,6437,104,5508,7045,113,-1270,-608,-9
Summer,0,1,10.14,2,Blue,jng,Dardoch,Dignitas,Graves,Rumble,Ezreal,Olaf,Gangplank,Jayce,2041,1,8,3,14,26,11,2,1,0,0,0,0,0,0,0.7643,1.0877,0,0,17691,520.0686,0.243339,683.4003,798.7849,12,0.3528,9,0.2646,12,42,1.2347,15466,11027,324.1646,0.248749,12025,262,46,216,140,21,7.7021,3311,3928,73,3583,2836,54,-272,1092,19,5183,6070,108,4920,4238,81,263,1832,27
Summer,0,1,10.14,3,Blue,mid,Fenix,Dignitas,Orianna,Rumble,Ezreal,Olaf,Gangplank,Jayce,2041,1,8,1,13,26,11,1,0,0,0,0,0,0,1,0.7643,1.0877,1,0,16584,487.5257,0.228112,310.3185,217.2758,13,0.3822,6,0.1764,7,28,0.8231,15205,10766,316.4919,0.242862,12875,293,265,28,19,6,8.6134,3358,4571,92,4015,4828,80,-657,-257,12,5505,7632,149,5810,7827,133,-305,-195,16
Summer,0,1,10.14,4,Blue,bot,Johnsun,Dignitas,Ashe,Rumble,Ezreal,Olaf,Gangplank,Jayce,2041,1,7,3,15,26,11,1,0,0,0,0,0,0,0,0.7643,1.0877,1,0,18510,544.145,0.254604,471.9451,208.927,16,0.4704,13,0.3822,5,64,1.8814,14880,10441,306.9378,0.23553,12225,268,252,16,16,0,7.8785,3683,3242,87,3434,3715,91,249,-473,-4,5208,4984,130,5815,6472,148,-607,-1488,-18
Summer,0,1,10.14,5,Blue,sup,aphromoo,Dignitas,Blitzcrank,Rumble,Ezreal,Olaf,Gangplank,Jayce,2041,1,1,3,21,26,11,0,0,0,0,0,0,0,0,0.7643,1.0877,0,0,7291,214.3361,0.100287,367.7609,403.5375,42,1.2347,11,0.3234,12,91,2.6752,8596,4157,122.2048,0.0937711,7200,29,29,0,0,0,0.8525,2189,2836,13,2221,2720,13,-32,116,0,3333,3786,19,3406,4005,20,-73,-219,-1
Summer,0,1,10.13,1,Blue,top,Lourlo,Dignitas,Ornn,Xayah,Karma,Syndra,Renekton,Yuumi,2032,0,2,2,2,7,15,0,0,0,0,1,1,0,0,0.2067,0.6496,0,0,8766,258.8386,0.159736,700.0984,950.315,20,0.5906,6,0.1772,9,39,1.1516,11669,7248,214.0157,0.201372,11575,262,254,8,5,0,7.7362,3623,4674,66,3101,4302,82,522,372,-16,5341,7057,113,4751,5758,111,590,1299,2
Summer,0,1,10.13,2,Blue,jng,Dardoch,Dignitas,Graves,Xayah,Karma,Syndra,Renekton,Yuumi,2032,0,2,3,3,7,15,0,0,0,0,1,0,1,0,0.2067,0.6496,0,1,14985,442.4705,0.27306,645.0591,536.1024,12,0.3543,9,0.2657,13,42,1.2402,11675,7254,214.1929,0.201539,12150,223,57,166,114,24,6.5846,3250,3466,58,3299,3828,66,-49,-362,-8,4793,5391,93,5520,6230,102,-727,-839,-9
Summer,0,1,10.13,3,Blue,mid,Fenix,Dignitas,Twisted Fate,Xayah,Karma,Syndra,Renekton,Yuumi,2032,0,1,5,2,7,15,0,0,0,0,0,0,0,0,0.2067,0.6496,0,0,13685,404.0846,0.249371,529.1634,295.7185,9,0.2657,4,0.1181,6,23,0.6791,12015,7594,224.2323,0.210985,11735,242,222,20,13,0,7.1457,3584,4437,87,3310,4174,79,274,263,8,5531,6824,132,5397,7229,137,134,-405,-5
Summer,0,1,10.13,4,Blue,bot,Johnsun,Dignitas,Ashe,Xayah,Karma,Syndra,Renekton,Yuumi,2032,0,2,2,2,7,15,0,0,0,0,0,0,0,0,0.2067,0.6496,0,1,14395,425.0492,0.262309,419.2323,315.7972,17,0.502,9,0.2657,7,49,1.4469,15737,11316,334.1339,0.314393,15825,373,353,20,12,4,11.0138,3726,3567,94,3293,3568,89,433,-1,5,6735,6331,156,6069,6393,144,666,-62,12
Summer,0,1,10.13,5,Blue,sup,aphromoo,Dignitas,Braum,Xayah,Karma,Syndra,Renekton,Yuumi,2032,0,0,3,3,7,15,0,0,0,0,0,0,0,0,0.2067,0.6496,0,0,3047,89.9705,0.0555232,461.3681,448.2283,48,1.4173,16,0.4724,20,91,2.687,7002,2581,76.2106,0.0717105,6200,35,35,0,0,0,1.0335,2073,2098,13,2115,2529,14,-42,-431,-1,3233,2780,20,3103,3182,18,130,-402,2
Spring,0,1,10.04,1,Blue,top,Huni,Dignitas,Mordekaiser,Yuumi,Riven,Syndra,Ahri,Zoe,2242,0,0,4,2,6,17,0,0,0,0,0,0,0,0,0.1606,0.6155,0,0,11278,301.8198,0.159838,709.322,703.6753,10,0.2676,4,0.107,5,25,0.669,12194,7345,196.5656,0.2113,11925,283,281,2,1,0,7.5736,3058,4380,77,3471,4774,88,-413,-394,-11,4421,6519,114,5225,7293,135,-804,-774,-21
Spring,0,1,10.04,2,Blue,jng,Grig,Dignitas,Jarvan IV,Yuumi,Riven,Syndra,Ahri,Zoe,2242,0,0,5,2,6,17,0,0,0,0,0,0,0,0,0.1606,0.6155,0,0,2450,65.5665,0.0347227,861.4897,807.0294,8,0.2141,6,0.1606,8,22,0.5888,9198,4349,116.3872,0.125108,8800,167,26,141,127,0,4.4692,2761,2726,52,3344,3409,61,-583,-683,-9,4173,4596,85,4622,5466,92,-449,-870,-7
Spring,0,1,10.04,3,Blue,mid,Froggen,Dignitas,Ziggs,Yuumi,Riven,Syndra,Ahri,Zoe,2242,0,2,2,1,6,17,0,0,0,0,0,0,0,0,0.1606,0.6155,0,2,23514,629.2774,0.333253,337.5736,240.0803,20,0.5352,3,0.0803,9,20,0.5352,13298,8449,226.1106,0.243061,12235,312,296,16,12,0,8.3497,3049,4043,79,3560,4793,81,-511,-750,-2,4660,6806,130,5597,7639,141,-937,-833,-11
Spring,0,1,10.04,4,Blue,bot,Johnsun,Dignitas,Aphelios,Yuumi,Riven,Syndra,Ahri,Zoe,2242,0,3,3,3,6,17,0,0,0,0,1,1,0,0,0.1606,0.6155,0,3,27949,747.9661,0.396108,329.438,520.1695,16,0.4282,10,0.2676,5,35,0.9367,16743,11894,318.3051,0.342171,16755,383,355,28,20,0,10.2498,3595,3019,80,2493,2978,13,1102,41,67,5394,5128,127,4044,4934,28,1350,194,99
Spring,0,1,10.04,5,Blue,sup,aphromoo,Dignitas,Tahm Kench,Yuumi,Riven,Syndra,Ahri,Zoe,2242,0,1,3,4,6,17,0,0,0,0,1,0,1,0,0.1606,0.6155,0,0,5368,143.6574,0.0760782,455.3791,596.4139,53,1.4184,15,0.4014,17,72,1.9269,7573,2724,72.8992,0.0783588,7475,39,39,0,0,0,1.0437,2303,2481,14,3710,2928,52,-1407,-447,-38,3346,3727,23,5153,5091,89,-1807,-1364,-66
Summer,0,1,10.15,6,Red,top,V1per,Dignitas,Camille,Olaf,Renekton,Galio,Soraka,Zyra,2808,1,0,1,4,8,10,0,0,0,0,0,0,0,0,0.1709,0.3846,2,0,18348,392.0513,0.210894,825.0641,1069.3162,18,0.3846,14,0.2991,6,62,1.3248,19033,13029,278.3974,0.264779,17693,463,407,56,12,22,9.8932,3062,4544,78,3048,4824,74,14,-280,4,4463,6481,113,4655,7358,126,-192,-877,-13
Summer,0,1,10.15,7,Red,jng,Dardoch,Dignitas,Nidalee,Olaf,Renekton,Galio,Soraka,Zyra,2808,1,3,2,0,8,10,0,0,0,0,0,0,0,0,0.1709,0.3846,0,1,17896,382.3932,0.205699,859.7863,588.0556,53,1.1325,45,0.9615,9,131,2.7991,16176,10172,217.3504,0.206719,13275,361,85,276,172,48,7.7137,3137,3443,72,3082,3288,65,55,155,7,4874,5642,115,4891,5267,105,-17,375,10
Summer,0,1,10.15,8,Red,mid,Fenix,Dignitas,Sett,Olaf,Renekton,Galio,Soraka,Zyra,2808,1,0,3,3,8,10,0,0,0,0,0,0,0,0,0.1709,0.3846,0,0,8038,171.7521,0.0923897,881.1111,1406.047,15,0.3205,12,0.2564,12,43,0.9188,13835,7831,167.3291,0.159144,13300,309,304,5,5,0,6.6026,3007,4708,81,3180,4762,87,-173,-54,-6,4711,7499,133,4920,7373,135,-209,126,-2
Summer,0,1,10.15,9,Red,bot,Johnsun,Dignitas,Ezreal,Olaf,Renekton,Galio,Soraka,Zyra,2808,1,5,0,2,8,10,1,0,0,0,1,1,0,0,0.1709,0.3846,0,0,33594,717.8205,0.386133,348.2051,411.2393,23,0.4915,13,0.2778,6,62,1.3248,20507,14503,309.8932,0.294734,25443,473,439,34,27,2,10.1068,3837,3105,97,3493,3498,99,344,-393,-2,5538,4866,139,5269,5820,155,269,-954,-16
Summer,0,1,10.15,10,Red,sup,aphromoo,Dignitas,Karma,Olaf,Renekton,Galio,Soraka,Zyra,2808,1,0,4,6,8,10,0,0,0,0,1,0,1,0,0.1709,0.3846,0,0,9125,194.9786,0.104884,340.6624,248.1838,63,1.3462,16,0.3419,20,101,2.1581,9676,3672,78.4615,0.0746245,9200,41,41,0,0,0,0.8761,2293,3036,3,2045,2906,13,248,130,-10,3320,4304,7,3142,4487,23,178,-183,-16
Summer,0,1,10.14,6,Red,top,V1per,Dignitas,Riven,Twisted Fate,Volibear,Syndra,Malphite,Yuumi,2202,1,5,0,3,14,9,0,0,0,0,0,0,0,0,0.3815,0.6267,0,0,9002,245.2861,0.137519,599.9728,1134.7411,20,0.545,5,0.1362,8,49,1.3351,15318,10550,287.4659,0.267764,14450,333,291,42,15,4,9.0736,2918,4012,78,3690,5065,93,-772,-1053,-15,4686,6810,129,6127,7532,135,-1441,-722,-6
Summer,0,1,10.14,7,Red,jng,Dardoch,Dignitas,Sett,Twisted Fate,Volibear,Syndra,Malphite,Yuumi,2202,1,2,4,10,14,9,0,0,0,0,1,1,0,0,0.3815,0.6267,0,0,11718,319.2916,0.17901,879.891,1058.1471,16,0.436,16,0.436,16,54,1.4714,11247,6479,176.5395,0.164443,11150,191,20,171,120,8,5.2044,3447,3429,63,2949,3209,59,498,220,4,5041,5535,104,4657,5073,100,384,462,4
Summer,0,1,10.14,8,Red,mid,Fenix,Dignitas,Orianna,Twisted Fate,Volibear,Syndra,Malphite,Yuumi,2202,1,4,2,9,14,9,1,0,0,0,1,0,1,0,0.3815,0.6267,0,0,19068,519.564,0.291292,309.1553,319.7548,10,0.2725,2,0.0545,7,18,0.4905,13897,9129,248.7466,0.231699,12675,299,271,28,21,4,8.1471,3127,4432,82,3409,4466,88,-282,-34,-6,5039,7278,141,5390,7502,144,-351,-224,-3
Summer,0,1,10.14,9,Red,bot,Johnsun,Dignitas,Ashe,Twisted Fate,Volibear,Syndra,Malphite,Yuumi,2202,1,2,2,7,14,9,0,0,0,0,1,0,1,0,0.3815,0.6267,1,0,18631,507.6567,0.284617,454.4142,272.2888,18,0.4905,7,0.1907,6,46,1.2534,14294,9526,259.564,0.241775,13350,317,283,34,30,4,8.6376,3195,2880,81,3344,3129,91,-149,-249,-10,4744,4682,120,5845,5608,141,-1101,-926,-21
Summer,0,1,10.14,10,Red,sup,aphromoo,Dignitas,Bard,Twisted Fate,Volibear,Syndra,Malphite,Yuumi,2202,1,1,1,13,14,9,0,0,0,0,1,0,1,0,0.3815,0.6267,0,0,7041,191.8529,0.107562,341.5259,149.2371,84,2.2888,20,0.545,18,126,3.4332,8484,3716,101.2534,0.094319,7550,47,47,0,0,0,1.2807,2008,2918,14,2144,2648,17,-136,270,-3,2874,4089,19,3248,3781,25,-374,308,-6
Summer,0,1,10.15,6,Red,top,V1per,Dignitas,Shen,Galio,Jayce,Caitlyn,LeBlanc,Syndra,1963,1,4,2,8,17,7,1,0,0,0,0,0,0,0,0.5196,0.7336,0,0,12825,392.002,0.209816,637.5038,1052.6745,16,0.489,5,0.1528,5,35,1.0698,12465,8185,250.1783,0.194909,11775,220,197,23,11,0,6.7244,2644,3747,55,2999,4277,72,-355,-530,-17,4908,6562,97,4373,6415,110,535,147,-13
Summer,0,1,10.15,7,Red,jng,Dardoch,Dignitas,Olaf,Galio,Jayce,Caitlyn,LeBlanc,Syndra,1963,1,7,0,6,17,7,0,0,0,0,1,1,0,0,0.5196,0.7336,0,0,15218,465.1452,0.248965,1040.8456,1134.9873,9,0.2751,15,0.4585,11,50,1.5283,13831,9551,291.9307,0.227438,12850,217,45,172,87,30,6.6327,3753,3113,62,2894,2821,60,859,292,2,6559,5708,98,4395,4934,95,2164,774,3
Summer,0,1,10.15,8,Red,mid,Fenix,Dignitas,Zoe,Galio,Jayce,Caitlyn,LeBlanc,Syndra,1963,1,2,1,9,17,7,0,0,0,0,1,0,1,0,0.5196,0.7336,1,0,13876,424.1263,0.22701,409.0576,295.0178,9,0.2751,6,0.1834,6,32,0.9781,12970,8690,265.6139,0.206934,13650,274,250,24,20,4,8.3749,3693,4877,91,3891,4988,101,-198,-111,-10,5796,7751,145,5847,7919,155,-51,-168,-10
Summer,0,1,10.15,9,Red,bot,Johnsun,Dignitas,Ashe,Galio,Jayce,Caitlyn,LeBlanc,Syndra,1963,1,2,3,9,17,7,0,0,0,0,1,0,1,0,0.5196,0.7336,0,0,15024,459.2155,0.245791,510.7183,268.7315,15,0.4585,9,0.2751,4,58,1.7728,15064,10784,329.6179,0.256799,13425,340,315,25,20,1,10.3923,3794,3387,95,3053,3268,76,741,119,19,6458,5987,155,4564,5165,119,1894,822,36
Summer,0,1,10.15,10,Red,sup,aphromoo,Dignitas,Soraka,Galio,Jayce,Caitlyn,LeBlanc,Syndra,1963,1,2,1,11,17,7,0,0,0,0,1,0,1,0,0.5196,0.7336,1,0,4182,127.8248,0.0684172,160.5604,117.5242,36,1.1004,8,0.2445,13,74,2.2618,9064,4784,146.2252,0.11392,7475,10,10,0,0,0,0.3057,2246,2715,2,1933,2159,10,313,556,-8,4029,4469,5,2805,3422,17,1224,1047,-12
