split,playoffs,game,patch,playerid,side,position,player,team,champion,ban1,ban2,ban3,ban4,ban5,gamelength,result,kills,deaths,assists,teamkills,teamdeaths,doublekills,triplekills,quadrakills,pentakills,firstblood,firstbloodkill,firstbloodassist,firstbloodvictim,team kpm,ckpm,damagetochampions,dpm,damageshare,damagetakenperminute,damagemitigatedperminute,wardsplaced,wpm,wardskilled,wcpm,controlwardsbought,visionscore,vspm,totalgold,earnedgold,earned gpm,earnedgoldshare,goldspent,total cs,minionkills,monsterkills,monsterkillsownjungle,monsterkillsenemyjungle,cspm,goldat10,xpat10,csat10,opp_goldat10,opp_xpat10,opp_csat10,golddiffat10,xpdiffat10,csdiffat10,goldat15,xpat15,csat15,opp_goldat15,opp_xpat15,opp_csat15,golddiffat15,xpdiffat15,csdiffat15
Summer,0,1,10.12,6,Red,top,sOAZ,Immortals,Aatrox,Aphelios,Varus,Syndra,Volibear,Wukong,1918,0,0,3,0,1,13,0,0,0,0,0,0,0,1,0.0313,0.438,10694,334.536,0.240992,719.1241,617.3306,13,0.4067,4,0.1251,3,23,0.7195,9579,5391,168.6444,0.214466,9200,250,242,8,8,0,7.8206,2718,4130,64,4075,4783,87,-1357,-653,-23,4458,7106,122,5953,6935,125,-1495,171,-3
Summer,0,1,10.12,7,Red,jng,Potluck,Immortals,Lee Sin,Aphelios,Varus,Syndra,Volibear,Wukong,1918,0,0,3,1,1,13,0,0,0,0,0,0,0,0,0.0313,0.438,4331,135.4849,0.0976,696.3191,643.6079,16,0.5005,5,0.1564,8,30,0.9385,7984,3796,118.7487,0.151009,7825,142,26,116,82,13,4.4421,2920,2972,61,3484,3166,53,-564,-194,8,4301,4830,84,5050,5327,93,-749,-497,-9
Summer,0,1,10.12,8,Red,mid,Eika,Immortals,Azir,Aphelios,Varus,Syndra,Volibear,Wukong,1918,0,1,2,0,1,13,0,0,0,0,0,0,0,0,0.0313,0.438,14053,439.6142,0.316687,532.6486,299.3743,16,0.5005,7,0.219,8,28,0.8759,11771,7583,237.2158,0.301673,11500,289,268,21,13,4,9.0407,3434,4814,87,3773,5045,90,-339,-231,-3,5435,7884,139,5475,7606,143,-40,278,-4
Summer,0,1,10.12,9,Red,bot,Altec,Immortals,Kalista,Aphelios,Varus,Syndra,Volibear,Wukong,1918,0,0,3,0,1,13,0,0,0,0,0,0,0,0,0.0313,0.438,11704,366.1314,0.263752,369.6038,306.3504,12,0.3754,6,0.1877,3,28,0.8759,10907,6719,210.1877,0.2673,10975,273,257,16,16,0,8.5401,3212,3430,85,3353,3205,91,-141,225,-6,4729,5228,129,5023,5243,142,-294,-15,-13
Summer,0,1,10.12,10,Red,sup,Gate,Immortals,Leona,Aphelios,Varus,Syndra,Volibear,Wukong,1918,0,0,2,0,1,13,0,0,0,0,0,0,0,0,0.0313,0.438,3593,112.3983,0.080969,385.464,562.6486,45,1.4077,9,0.2815,12,66,2.0647,5836,1648,51.5537,0.0655522,5600,32,32,0,0,0,1.001,2005,2072,13,2087,2544,13,-82,-472,0,2844,2940,19,3205,3997,25,-361,-1057,-6
Summer,0,1,10.13,1,Blue,top,Allorim,Immortals,Urgot,Kalista,Twisted Fate,Varus,Leona,LeBlanc,2997,0,4,3,6,12,13,0,0,0,0,0,0,0,0,0.2402,0.5005,40836,817.5375,0.284953,892.1121,1637.8979,25,0.5005,24,0.4805,9,77,1.5415,20770,14381,287.9079,0.277137,19375,399,378,21,11,4,7.988,3006,4433,73,3104,4323,78,-98,110,-5,4985,7080,117,4432,6302,108,553,778,9
Summer,0,1,10.13,2,Blue,jng,Xmithie,Immortals,Lee Sin,Kalista,Twisted Fate,Varus,Leona,LeBlanc,2997,0,1,5,6,12,13,0,0,0,0,0,0,0,0,0.2402,0.5005,7236,144.8649,0.0504926,853.8338,749.6697,35,0.7007,18,0.3604,19,77,1.5415,13206,6817,136.4765,0.131366,13200,222,32,190,133,10,4.4444,2710,2506,55,2717,2718,48,-7,-212,7,4117,4298,91,4100,4180,75,17,118,16
Summer,0,1,10.13,3,Blue,mid,Insanity,Immortals,Azir,Kalista,Twisted Fate,Varus,Leona,LeBlanc,2997,0,3,2,7,12,13,0,0,0,0,0,0,0,0,0.2402,0.5005,43880,878.4785,0.306194,513.8138,358.3584,26,0.5205,11,0.2202,8,66,1.3213,19813,13424,268.7487,0.258694,19200,446,380,66,49,4,8.9289,3389,4897,95,3218,4742,85,171,155,10,5133,7524,141,5282,7361,142,-149,163,-1
Summer,0,1,10.13,4,Blue,bot,Apollo,Immortals,Ezreal,Kalista,Twisted Fate,Varus,Leona,LeBlanc,2997,0,4,2,5,12,13,0,0,0,0,0,0,0,1,0.2402,0.5005,44605,892.993,0.311253,387.7077,408.8288,22,0.4404,9,0.1802,7,58,1.1612,19266,12877,257.7978,0.248152,16725,426,379,47,35,10,8.5285,3347,3102,91,3272,2938,89,75,164,2,4999,5023,139,5150,5662,141,-151,-639,-2
Summer,0,1,10.13,5,Blue,sup,Hakuho,Immortals,Rakan,Kalista,Twisted Fate,Varus,Leona,LeBlanc,2997,0,0,1,9,12,13,0,0,0,0,0,0,0,0,0.2402,0.5005,6751,135.1552,0.0471083,408.0681,514.7748,86,1.7217,27,0.5405,26,169,3.3834,10782,4393,87.9479,0.0846513,8900,49,49,0,0,0,0.981,2070,2652,12,2052,2789,12,18,-137,0,3109,3616,19,3347,3686,18,-238,-70,1
Spring,0,1,10.04,6,Red,top,sOAZ,Immortals,Gangplank,Ornn,Taric,Senna,Azir,Lee Sin,1820,0,0,2,0,0,10,0,0,0,0,0,0,0,0,0,0.3297,17619,580.8462,0.41332,643.5495,517.1868,13,0.4286,3,0.0989,5,23,0.7582,10630,6642,218.967,0.280983,10408,252,248,4,4,0,8.3077,3285,4569,81,3438,5155,79,-153,-586,2,4745,6796,115,5292,7938,133,-547,-1142,-18
Spring,0,1,10.04,7,Red,jng,Xmithie,Immortals,Jarvan IV,Ornn,Taric,Senna,Azir,Lee Sin,1820,0,0,4,0,0,10,0,0,0,0,0,0,0,1,0,0.3297,3740,123.2967,0.0877358,778.7143,628.6154,32,1.0549,16,0.5275,10,71,2.3407,7589,3601,118.7143,0.152329,7400,149,18,131,90,15,4.9121,2651,2621,50,3319,2989,50,-668,-368,0,4264,4736,94,5021,5121,84,-757,-385,10
Spring,0,1,10.04,8,Red,mid,Eika,Immortals,Syndra,Ornn,Taric,Senna,Azir,Lee Sin,1820,0,0,1,0,0,10,0,0,0,0,0,0,0,0,0,0.3297,9947,327.9231,0.233344,328.5824,191.967,17,0.5604,8,0.2637,11,30,0.989,9885,5897,194.4066,0.249465,10655,257,245,12,12,0,8.4725,2939,4104,70,3016,4620,75,-77,-516,-5,4888,7113,131,5203,7591,137,-315,-478,-6
Spring,0,1,10.04,9,Red,bot,Apollo,Immortals,Miss Fortune,Ornn,Taric,Senna,Azir,Lee Sin,1820,0,0,2,0,0,10,0,0,0,0,0,0,0,0,0,0.3297,8494,280.022,0.199259,186.6923,199.7143,12,0.3956,4,0.1319,5,28,0.9231,9514,5526,182.1758,0.233769,8675,251,238,13,9,0,8.2747,3230,3444,89,3509,3333,97,-279,111,-8,4818,5290,131,5474,5430,147,-656,-140,-16
Spring,0,1,10.04,10,Red,sup,Hakuho,Immortals,Nautilus,Ornn,Taric,Senna,Azir,Lee Sin,1820,0,0,1,0,0,10,0,0,0,0,0,0,0,0,0,0.3297,2828,93.2308,0.0663414,460.9121,826.0549,39,1.2857,18,0.5934,10,62,2.044,5961,1973,65.044,0.0834539,5850,40,40,0,0,0,1.3187,2014,2738,11,2143,2859,12,-129,-121,-1,3066,3814,23,3248,3926,20,-182,-112,3
Summer,0,1,10.12,1,Blue,top,Allorim,Immortals,Malphite,Karma,Kalista,Syndra,Leona,Lulu,2092,1,2,1,9,16,5,0,0,0,0,0,0,0,1,0.4589,0.6023,12405,355.7839,0.202723,430.0096,1322.2945,15,0.4302,5,0.1434,5,29,0.8317,12905,8362,239.8279,0.211954,11725,286,284,2,1,0,8.2027,2974,4546,72,3759,4919,90,-785,-373,-18,5091,7608,125,5565,7966,145,-474,-358,-20
Summer,0,1,10.12,2,Blue,jng,Xmithie,Immortals,Trundle,Karma,Kalista,Syndra,Leona,Lulu,2092,1,4,2,9,16,5,0,0,0,0,0,0,0,0,0.4589,0.6023,7706,221.0134,0.125932,835.7266,739.6463,10,0.2868,17,0.4876,9,62,1.7782,11647,7104,203.7476,0.180066,9525,166,40,126,89,4,4.761,3248,3394,51,3112,3117,61,136,277,-10,4949,4977,78,4494,4836,90,455,141,-12
Summer,0,1,10.12,3,Blue,mid,Insanity,Immortals,Orianna,Karma,Kalista,Syndra,Leona,Lulu,2092,1,2,0,8,16,5,0,0,0,0,0,0,0,0,0.4589,0.6023,16212,464.9713,0.264937,292.9732,271.1472,21,0.6023,6,0.1721,10,40,1.1472,14816,10273,294.6367,0.260395,13350,336,291,45,21,8,9.6367,3208,4280,88,3902,4643,94,-694,-363,-6,5043,7307,144,5951,7172,151,-908,135,-7
Summer,0,1,10.12,4,Blue,bot,Apollo,Immortals,Ezreal,Karma,Kalista,Syndra,Leona,Lulu,2092,1,7,1,4,16,5,2,0,0,0,0,0,0,0,0.4589,0.6023,20525,588.6711,0.33542,319.3881,306.0516,17,0.4876,13,0.3728,10,48,1.3767,15018,10475,300.4302,0.265515,12600,304,284,20,12,0,8.7189,3203,3487,78,3335,3610,92,-132,-123,-14,5039,5901,136,5789,6431,154,-750,-530,-18
Summer,0,1,10.12,5,Blue,sup,Hakuho,Immortals,Rakan,Karma,Kalista,Syndra,Leona,Lulu,2092,1,1,1,12,16,5,0,0,0,0,0,0,0,0,0.4589,0.6023,4344,124.5889,0.0709897,313.2792,604.3021,50,1.434,15,0.4302,13,108,3.0975,7781,3238,92.8681,0.0820702,6925,36,36,0,0,0,1.0325,2350,2733,13,2081,2374,12,269,359,1,3476,4159,22,3179,3656,20,297,503,2
Spring,0,1,10.05,6,Red,top,sOAZ,Immortals,Aatrox,Senna,Pantheon,Aphelios,Karthus,Jarvan IV,1557,0,0,2,1,1,7,0,0,0,0,1,0,1,0,0.0385,0.3083,3952,152.2929,0.263959,552.2158,412.948,13,0.501,7,0.2697,5,22,0.8478,7469,4017,154.7977,0.19576,6925,176,164,12,5,4,6.7823,3015,4483,68,2951,3944,68,64,539,0,4731,7213,121,4436,6460,111,295,753,10
Spring,0,1,10.05,7,Red,jng,Xmithie,Immortals,Trundle,Senna,Pantheon,Aphelios,Karthus,Jarvan IV,1557,0,1,3,0,1,7,0,0,0,0,1,1,0,0,0.0385,0.3083,1773,68.3237,0.118421,807.5145,452.4085,9,0.3468,9,0.3468,9,31,1.1946,6552,3100,119.4605,0.151074,6275,106,9,97,78,0,4.0848,3049,2515,44,2736,2645,53,313,-130,-9,4271,4131,71,4228,4087,83,43,44,-12
Spring,0,1,10.05,8,Red,mid,Eika,Immortals,Cassiopeia,Senna,Pantheon,Aphelios,Karthus,Jarvan IV,1557,0,0,1,1,1,7,0,0,0,0,1,0,1,0,0.0385,0.3083,5123,197.4181,0.342172,501.8112,244.3931,14,0.5395,6,0.2312,6,26,1.0019,9363,5911,227.7842,0.288058,9035,268,248,20,13,0,10.3276,3357,4664,90,3340,4914,90,17,-250,0,5210,7458,148,5449,7663,151,-239,-205,-3
Spring,0,1,10.05,9,Red,bot,Apollo,Immortals,Miss Fortune,Senna,Pantheon,Aphelios,Karthus,Jarvan IV,1557,0,0,1,0,1,7,0,0,0,0,0,0,0,0,0.0385,0.3083,2690,103.6609,0.179669,225.0096,226.8208,15,0.578,6,0.2312,8,33,1.2717,9246,5794,223.2755,0.282356,9350,262,250,12,4,0,10.0963,3399,3617,93,3401,3528,97,-2,89,-4,5126,6333,148,5579,6047,153,-453,286,-5
Spring,0,1,10.05,10,Red,sup,Hakuho,Immortals,Morgana,Senna,Pantheon,Aphelios,Karthus,Jarvan IV,1557,0,0,0,0,1,7,0,0,0,0,0,0,0,0,0.0385,0.3083,1434,55.2601,0.0957788,256.0308,142.6204,28,1.079,14,0.5395,12,58,2.2351,5150,1698,65.4335,0.082752,5050,16,16,0,0,0,0.6166,1954,2327,3,2127,2619,17,-173,-292,-14,2730,3288,4,3116,3602,27,-386,-314,-23
Summer,0,1,10.14,6,Red,top,Allorim,Immortals,Ornn,Twisted Fate,Kalista,Syndra,Sylas,Gangplank,1953,1,2,3,6,16,11,0,0,0,0,0,0,0,1,0.4916,0.8295,8681,266.6974,0.135711,585.9601,889.9232,17,0.5223,10,0.3072,8,41,1.2596,12720,8460,259.9078,0.207373,11050,268,263,5,1,2,8.2335,3274,4646,73,4054,4478,72,-780,168,1,4853,7352,121,6820,7361,131,-1967,-9,-10
Summer,0,1,10.14,7,Red,jng,Xmithie,Immortals,Graves,Twisted Fate,Kalista,Syndra,Sylas,Gangplank,1953,1,4,1,7,16,11,0,0,0,0,0,0,0,0,0.4916,0.8295,12175,374.0399,0.190333,755.8218,635.8833,15,0.4608,18,0.553,14,65,1.9969,13031,8771,269.4624,0.214996,11450,244,59,185,90,41,7.4962,3724,3700,63,4280,3414,46,-556,286,17,5239,5802,107,6360,5674,83,-1121,128,24
Summer,0,1,10.14,8,Red,mid,Insanity,Immortals,Kog'Maw,Twisted Fate,Kalista,Syndra,Sylas,Gangplank,1953,1,7,4,3,16,11,2,0,0,0,0,0,0,0,0.4916,0.8295,24527,753.5177,0.383432,405.2227,222.6421,16,0.4916,7,0.2151,4,40,1.2289,15588,11328,348.0184,0.277672,14260,277,242,35,27,4,8.51,4234,4498,85,3838,4645,93,396,-147,-8,6456,7656,151,5847,7765,153,609,-109,-2
Summer,0,1,10.14,9,Red,bot,Apollo,Immortals,Ezreal,Twisted Fate,Kalista,Syndra,Sylas,Gangplank,1953,1,3,1,7,16,11,0,0,0,0,0,0,0,0,0.4916,0.8295,14896,457.6344,0.23287,303.0722,243.1644,19,0.5837,8,0.2458,8,46,1.4132,12702,8442,259.3548,0.206932,12000,238,228,10,4,2,7.3118,3415,3734,94,3391,3518,96,24,216,-2,5242,6549,150,5600,6341,158,-358,208,-8
Summer,0,1,10.14,10,Red,sup,Hakuho,Immortals,Braum,Twisted Fate,Kalista,Syndra,Sylas,Gangplank,1953,1,0,2,8,16,11,0,0,0,0,0,0,0,0,0.4916,0.8295,3688,113.3026,0.0576547,438.0645,524.0246,45,1.3825,15,0.4608,13,95,2.9186,8055,3795,116.5899,0.0930275,7025,36,36,0,0,0,1.106,2263,2940,15,2334,2603,13,-71,337,2,3134,3536,22,3338,3430,21,-204,106,1
Spring,0,1,10.06,1,Blue,top,sOAZ,Immortals,Ornn,Kalista,Rumble,Sett,Viktor,Sejuani,3406,0,1,3,11,15,13,0,0,0,0,0,0,0,0,0.2642,0.4932,22344,393.6113,0.185628,958.0622,1438.7317,34,0.5989,14,0.2466,12,75,1.3212,17762,10538,185.6371,0.193191,17025,374,358,16,0,4,6.5884,3359,4825,93,2645,4106,61,714,719,32,5130,7374,144,4110,6754,101,1020,620,43
Spring,0,1,10.06,2,Blue,jng,Xmithie,Immortals,Pantheon,Kalista,Rumble,Sett,Viktor,Sejuani,3406,0,2,6,4,15,13,0,0,0,0,0,0,0,1,0.2642,0.4932,7483,131.8203,0.0621667,957.1991,857.1227,21,0.3699,21,0.3699,20,83,1.4621,15706,8482,149.4187,0.1555,15075,261,38,223,145,16,4.5978,2903,2916,56,2924,3046,60,-21,-130,-4,4959,4899,89,4655,5559,107,304,-660,-18
Spring,0,1,10.06,3,Blue,mid,Eika,Immortals,Syndra,Kalista,Rumble,Sett,Viktor,Sejuani,3406,0,7,1,5,15,13,0,0,0,0,0,0,0,0,0.2642,0.4932,39165,689.9295,0.325372,293.1826,149.6124,28,0.4932,12,0.2114,9,96,1.6911,22580,15356,270.5109,0.281518,21025,487,444,43,26,5,8.579,3304,4431,94,3425,4727,97,-121,-296,-3,5029,6929,144,5067,6880,140,-38,49,4
Spring,0,1,10.06,4,Blue,bot,Apollo,Immortals,Ezreal,Kalista,Rumble,Sett,Viktor,Sejuani,3406,0,5,0,7,15,13,0,0,0,0,0,0,0,0,0.2642,0.4932,45439,800.4521,0.377494,381.7733,503.8873,27,0.4756,13,0.229,10,66,1.1627,23397,16173,284.9031,0.296495,22783,495,449,46,22,17,8.7199,3301,3603,88,3437,3611,92,-136,-8,-4,5626,5760,142,5031,5553,140,595,207,2
Spring,0,1,10.06,5,Blue,sup,Hakuho,Immortals,Tahm Kench,Kalista,Rumble,Sett,Viktor,Sejuani,3406,0,0,3,10,15,13,0,0,0,0,0,0,0,0,0.2642,0.4932,5939,104.6213,0.0493395,592.4604,688.5379,101,1.7792,21,0.3699,32,179,3.1533,11222,3998,70.4287,0.0732965,10775,45,43,2,0,2,0.7927,2182,2617,16,2162,2419,14,20,198,2,3486,3808,27,3200,3609,21,286,199,6
Spring,0,1,10.02,1,Blue,top,sOAZ,Immortals,Cho'Gath,Lucian,Aatrox,Xayah,Yasuo,Zoe,2164,1,4,3,6,17,6,0,0,0,0,1,0,1,0,0.4713,0.6377,16719,463.5582,0.204973,1509.9815,1574.0296,21,0.5823,9,0.2495,9,42,1.1645,12371,7681,212.9667,0.181997,11325,221,203,18,0,6,6.1275,3753,4516,79,2786,4053,58,967,463,21,5477,7060,133,4303,6169,92,1174,891,41
Spring,0,1,10.02,2,Blue,jng,Xmithie,Immortals,Rek'Sai,Lucian,Aatrox,Xayah,Yasuo,Zoe,2164,1,3,1,10,17,6,0,0,0,0,1,1,0,0,0.4713,0.6377,14497,401.9501,0.177731,864.0943,575.878,9,0.2495,19,0.5268,7,58,1.6081,12209,7519,208.475,0.178158,10200,175,28,147,66,37,4.8521,3412,3151,50,2435,1986,41,977,1165,9,4959,4717,81,4137,4021,70,822,696,11
Spring,0,1,10.02,3,Blue,mid,Eika,Immortals,Syndra,Lucian,Aatrox,Xayah,Yasuo,Zoe,2164,1,6,0,5,17,6,1,0,0,0,0,0,0,0,0.4713,0.6377,20204,560.1848,0.247698,257.8281,145.4529,19,0.5268,8,0.2218,8,44,1.22,15360,10670,295.841,0.252821,13700,309,263,46,28,6,8.5675,3485,4440,78,3380,4808,84,105,-368,-6,5497,7502,138,5230,7333,135,267,169,3
Spring,0,1,10.02,4,Blue,bot,Altec,Immortals,Aphelios,Lucian,Aatrox,Xayah,Yasuo,Zoe,2164,1,3,0,7,17,6,0,0,0,0,0,0,0,0,0.4713,0.6377,24349,675.1109,0.298515,184.6026,533.0961,22,0.61,17,0.4713,10,57,1.5804,17230,12540,347.6895,0.29713,15300,368,310,58,31,14,10.2033,3285,3062,89,3443,3536,95,-158,-474,-6,6242,5844,146,5102,6081,142,1140,-237,4
Spring,0,1,10.02,5,Blue,sup,Hakuho,Immortals,Braum,Lucian,Aatrox,Xayah,Yasuo,Zoe,2164,1,1,2,9,17,6,0,0,0,0,0,0,0,0,0.4713,0.6377,5798,160.7579,0.0710827,429.8706,604.8799,56,1.5527,14,0.3882,15,100,2.7726,8484,3794,105.1941,0.0898946,7175,36,36,0,0,0,0.9982,2032,2808,15,2111,2679,13,-79,129,2,3009,3449,17,3228,3548,25,-219,-99,-8
Spring,0,1,10.01,1,Blue,top,sOAZ,Immortals,Aatrox,Rumble,Elise,Braum,Camille,Tahm Kench,2312,0,0,3,2,8,21,0,0,0,0,0,0,0,0,0.2076,0.7526,9832,255.1557,0.238722,661.1419,722.1799,20,0.519,5,0.1298,7,34,0.8824,11469,6477,168.0882,0.189005,11400,276,254,22,14,0,7.1626,2984,4734,74,3253,4106,69,-269,628,5,4518,7128,113,5394,7319,134,-876,-191,-21
Spring,0,1,10.01,2,Blue,jng,Xmithie,Immortals,Trundle,Rumble,Elise,Braum,Camille,Tahm Kench,2312,0,0,7,5,8,21,0,0,0,0,1,0,1,0,0.2076,0.7526,3231,83.8495,0.078449,928.0796,784.4118,8,0.2076,12,0.3114,8,51,1.3235,9595,4603,119.455,0.134319,8720,158,22,136,108,2,4.1003,2806,2409,50,2982,3098,57,-176,-689,-7,4396,3838,76,4563,4648,86,-167,-810,-10
Spring,0,1,10.01,3,Blue,mid,Eika,Immortals,Lucian,Rumble,Elise,Braum,Camille,Tahm Kench,2312,0,4,5,1,8,21,0,0,0,0,1,1,0,0,0.2076,0.7526,12656,328.4429,0.307289,530.346,263.019,18,0.4671,9,0.2336,6,46,1.1938,14932,9940,257.9585,0.290059,15200,339,315,24,24,0,8.7976,3864,4615,90,2732,3736,66,1132,879,24,5759,7364,144,4942,6715,131,817,649,13
Spring,0,1,10.01,4,Blue,bot,Altec,Immortals,Cassiopeia,Rumble,Elise,Braum,Camille,Tahm Kench,2312,0,4,3,3,8,21,0,0,0,0,1,0,1,0,0.2076,0.7526,10614,275.4498,0.257709,576.41,314.6626,19,0.4931,10,0.2595,7,52,1.3495,15282,10290,267.0415,0.300273,14575,324,305,19,16,2,8.4083,3368,3090,76,3177,3511,76,191,-421,0,5342,4803,113,4379,5601,108,963,-798,5
Spring,0,1,10.01,5,Blue,sup,Hakuho,Immortals,Thresh,Rumble,Elise,Braum,Camille,Tahm Kench,2312,0,0,3,6,8,21,0,0,0,0,1,0,1,0,0.2076,0.7526,4853,125.9429,0.117831,316.6869,260.7093,53,1.3754,19,0.4931,19,111,2.8806,7951,2959,76.7907,0.0863449,7655,41,41,0,0,0,1.064,2107,2062,11,2440,2512,16,-333,-450,-5,3500,3003,18,3270,3017,18,230,-14,0
Spring,0,1,10.01,6,Red,top,sOAZ,Immortals,Aatrox,Akali,Qiyana,Lucian,Olaf,Camille,3680,1,2,2,3,9,9,0,0,0,0,0,0,0,0,0.1467,0.2935,16721,272.625,0.131986,683.1196,648.7174,39,0.6359,25,0.4076,16,108,1.7609,20772,12989,211.7772,0.225335,19900,369,352,17,1,1,6.0163,2958,4704,72,3063,4801,76,-105,-97,-4,4563,6977,114,4660,7010,113,-97,-33,1
Spring,0,1,10.01,7,Red,jng,Xmithie,Immortals,Elise,Akali,Qiyana,Lucian,Olaf,Camille,3680,1,2,3,3,9,9,0,0,0,0,0,0,0,1,0.1467,0.2935,18206,296.837,0.143707,551.8696,299.7065,67,1.0924,23,0.375,19,136,2.2174,17188,9405,153.3424,0.16316,15075,254,58,196,126,19,4.1413,2724,2467,48,2732,2483,53,-8,-16,-5,3958,4176,77,4528,3972,79,-570,204,-2
Spring,0,1,10.01,8,Red,mid,Eika,Immortals,Zoe,Akali,Qiyana,Lucian,Olaf,Camille,3680,1,1,1,2,9,9,0,0,0,0,0,0,0,0,0.1467,0.2935,31693,516.7337,0.250166,377.6413,228.4728,26,0.4239,8,0.1304,8,74,1.2065,20249,12466,203.25,0.216262,18200,410,382,28,28,0,6.6848,3145,4416,82,3143,4432,86,2,-16,-4,4881,7012,132,5005,7022,136,-124,-10,-4
Spring,0,1,10.01,9,Red,bot,Altec,Immortals,Ezreal,Akali,Qiyana,Lucian,Olaf,Camille,3680,1,4,0,2,9,9,0,0,0,0,0,0,0,0,0.1467,0.2935,49118,800.837,0.387708,378.2446,610.7609,26,0.4239,24,0.3913,5,69,1.125,24942,17159,279.7663,0.297675,23668,556,487,69,42,10,9.0652,3076,2820,76,3357,3002,91,-281,-182,-15,4710,4422,121,6362,5360,147,-1652,-938,-26
Spring,0,1,10.01,10,Red,sup,Hakuho,Immortals,Braum,Akali,Qiyana,Lucian,Olaf,Camille,3680,1,0,3,8,9,9,0,0,0,0,0,0,0,0,0.1467,0.2935,10950,178.5326,0.0864328,555.3913,744.0163,108,1.7609,22,0.3587,29,191,3.1141,13407,5624,91.6957,0.0975678,11650,43,43,0,0,0,0.7011,2101,2279,12,2113,2883,14,-12,-604,-2,3188,3700,21,3610,3877,21,-422,-177,0
Spring,0,1,10.02,6,Red,top,sOAZ,Immortals,Karma,Akali,Braum,Rumble,Ornn,Aatrox,1788,0,1,5,0,3,15,0,0,0,0,0,0,0,0,0.1007,0.604,7700,258.3893,0.292809,517.0134,359.7651,13,0.4362,2,0.0671,4,22,0.7383,8379,4456,149.5302,0.188933,7200,196,196,0,0,0,6.5772,2804,4130,71,3475,4813,85,-671,-683,-14,4086,6215,103,5530,7725,132,-1444,-1510,-29
Spring,0,1,10.02,7,Red,jng,Xmithie,Immortals,Gragas,Akali,Braum,Rumble,Ornn,Aatrox,1788,0,1,1,1,3,15,0,0,0,0,0,0,0,0,0.1007,0.604,3272,109.7987,0.124425,630.4027,402.3154,24,0.8054,17,0.5705,8,64,2.1477,8352,4429,148.6242,0.187789,8350,155,49,106,79,4,5.2013,2727,2539,52,2835,2742,57,-108,-203,-5,4094,4040,82,5048,4566,92,-954,-526,-10
Spring,0,1,10.02,8,Red,mid,Eika,Immortals,Yasuo,Akali,Braum,Rumble,Ornn,Aatrox,1788,0,0,2,1,3,15,0,0,0,0,0,0,0,1,0.1007,0.604,5046,169.3289,0.191885,418.3893,451.5772,18,0.604,12,0.4027,9,38,1.2752,10600,6677,224.0604,0.283106,10600,276,266,10,1,4,9.2617,2882,4425,71,3644,4739,81,-762,-314,-10,4621,7292,126,5284,7395,127,-663,-103,-1
Spring,0,1,10.02,9,Red,bot,Altec,Immortals,Cassiopeia,Akali,Braum,Rumble,Ornn,Aatrox,1788,0,1,4,1,3,15,0,0,0,0,0,0,0,0,0.1007,0.604,9230,309.7315,0.350991,580.4698,213.7584,14,0.4698,8,0.2685,7,28,0.9396,9785,5862,196.7114,0.248549,8820,224,224,0,0,0,7.5168,3001,2673,72,3554,2974,84,-553,-301,-12,4557,4393,114,6102,5699,144,-1545,-1306,-30
Spring,0,1,10.02,10,Red,sup,Hakuho,Immortals,Thresh,Akali,Braum,Rumble,Ornn,Aatrox,1788,0,0,3,3,3,15,0,0,0,0,0,0,0,0,0.1007,0.604,1049,35.2013,0.0398905,433.3221,195.9732,48,1.6107,13,0.4362,18,76,2.5503,6084,2161,72.5168,0.0916233,5500,38,38,0,0,0,1.2752,2008,2301,13,2437,2743,13,-429,-442,0,3100,3315,22,3638,3729,19,-538,-414,3
Spring,0,1,10.02,1,Blue,top,sOAZ,Immortals,Sett,Irelia,Elise,Kayle,Fiora,Camille,1888,1,1,0,6,14,3,0,0,0,0,0,0,0,0,0.4449,0.5403,12677,402.8708,0.197633,694.5445,932.8602,16,0.5085,1,0.0318,7,33,1.0487,11108,6981,221.8538,0.189907,10555,226,222,4,0,0,7.1822,3161,4619,81,3045,4403,75,116,216,6,4889,7514,133,4590,7443,122,299,71,11
Spring,0,1,10.02,2,Blue,jng,Xmithie,Immortals,Rek'Sai,Irelia,Elise,Kayle,Fiora,Camille,1888,1,3,1,7,14,3,0,0,0,0,0,0,0,0,0.4449,0.5403,8108,257.6695,0.126403,920.7203,586.2712,11,0.3496,16,0.5085,10,55,1.7479,10288,6161,195.7945,0.1676,8525,161,21,140,88,3,5.1165,2868,2976,58,2665,2410,47,203,566,11,4805,5131,96,4462,4213,80,343,918,16
Spring,0,1,10.02,3,Blue,mid,Eika,Immortals,Syndra,Irelia,Elise,Kayle,Fiora,Camille,1888,1,1,2,5,14,3,0,0,0,0,0,0,0,1,0.4449,0.5403,13403,425.9428,0.208952,266.536,173.3898,19,0.6038,9,0.286,10,41,1.303,12107,7980,253.6017,0.217084,12460,261,249,12,12,0,8.2945,3293,4890,90,3298,4812,87,-5,78,3,4923,7281,138,5118,7515,138,-195,-234,0
Spring,0,1,10.02,4,Blue,bot,Altec,Immortals,Xayah,Irelia,Elise,Kayle,Fiora,Camille,1888,1,8,0,5,14,3,1,1,0,0,0,0,0,0,0.4449,0.5403,24371,774.5021,0.379942,444.2479,375.4449,16,0.5085,7,0.2225,7,33,1.0487,15584,11457,364.0996,0.311672,12375,317,292,25,16,9,10.0742,2982,3250,69,3328,3019,88,-346,231,-19,5282,5559,114,5469,5480,146,-187,79,-32
Spring,0,1,10.02,5,Blue,sup,Hakuho,Immortals,Rakan,Irelia,Elise,Kayle,Fiora,Camille,1888,1,1,0,12,14,3,0,0,0,0,0,0,0,0,0.4449,0.5403,5585,177.4894,0.0870697,321.5148,688.7924,47,1.4936,18,0.572,12,105,3.3369,8308,4181,132.8708,0.113736,6600,43,43,0,0,0,1.3665,2069,2565,14,2063,2808,11,6,-243,3,3459,3416,21,3235,4157,22,224,-741,-1
Summer,0,1,10.13,6,Red,top,Allorim,Immortals,Ornn,Twisted Fate,Syndra,Varus,Bard,Braum,2322,1,1,2,11,13,8,0,0,0,0,1,0,1,0,0.3359,0.5426,12950,334.6253,0.14678,559.8191,1024.0568,20,0.5168,8,0.2067,9,46,1.1886,14268,9256,239.1731,0.19035,12925,281,269,12,4,4,7.261,3356,4869,88,2918,3768,69,438,1101,19,4882,7121,123,4676,6121,113,206,1000,10
Summer,0,1,10.13,7,Red,jng,Xmithie,Immortals,Graves,Twisted Fate,Syndra,Varus,Bard,Braum,2322,1,6,1,4,13,8,1,0,0,0,1,0,1,0,0.3359,0.5426,19258,497.6227,0.218278,702.4548,716.615,9,0.2326,21,0.5426,13,68,1.7571,16407,11395,294.4444,0.234341,14025,292,91,201,113,23,7.5452,3468,3251,62,3000,3129,62,468,122,0,5574,5364,95,4245,4503,86,1329,861,9
Summer,0,1,10.13,8,Red,mid,Insanity,Immortals,Corki,Twisted Fate,Syndra,Varus,Bard,Braum,2322,1,4,2,3,13,8,0,0,0,0,0,0,0,0,0.3359,0.5426,31306,808.9406,0.354835,424.5736,294.4961,23,0.5943,8,0.2067,9,49,1.2661,16826,11814,305.2713,0.242959,16108,335,300,35,19,8,8.6563,3340,4611,89,3352,5071,94,-12,-460,-5,5837,7346,141,5098,8128,145,739,-782,-4
Summer,0,1,10.13,9,Red,bot,Apollo,Immortals,Ashe,Twisted Fate,Syndra,Varus,Bard,Braum,2322,1,1,1,9,13,8,0,0,0,0,0,0,0,0,0.3359,0.5426,18172,469.5607,0.205969,278.4238,142.7907,20,0.5168,18,0.4651,8,79,2.0413,16169,11157,288.2946,0.229447,14900,339,303,36,20,10,8.7597,3468,2855,76,3442,3204,87,26,-349,-11,5741,4755,123,4944,5127,125,797,-372,-2
Summer,0,1,10.13,10,Red,sup,Hakuho,Immortals,Thresh,Twisted Fate,Syndra,Varus,Bard,Braum,2322,1,1,2,9,13,8,0,0,0,0,1,1,0,0,0.3359,0.5426,6541,169.0181,0.0741383,319.0439,325.4005,55,1.4212,19,0.491,16,117,3.0233,10016,5004,129.3023,0.102903,9000,44,40,4,0,4,1.137,2810,2661,11,2001,2336,11,809,325,0,4158,4128,24,2839,3037,15,1319,1091,9
Spring,0,1,10.05,1,Blue,top,sOAZ,Immortals,Ornn,Kalista,Syndra,Aatrox,LeBlanc,Thresh,2745,1,2,3,6,13,8,0,0,0,0,0,0,0,1,0.2842,0.459,19136,418.2732,0.235685,769.1585,1390.623,27,0.5902,15,0.3279,10,69,1.5082,14991,9116,199.2568,0.183228,14550,306,300,6,1,4,6.6885,3197,4676,80,3209,4448,61,-12,228,19,5036,7461,134,4891,7022,102,145,439,32
Spring,0,1,10.05,2,Blue,jng,Xmithie,Immortals,Jarvan IV,Kalista,Syndra,Aatrox,LeBlanc,Thresh,2745,1,1,2,9,13,8,0,0,0,0,0,0,0,0,0.2842,0.459,9132,199.6066,0.112473,822.7104,1264.2404,14,0.306,16,0.3497,14,68,1.4863,12974,7099,155.1694,0.142685,11550,202,34,168,103,19,4.4153,3089,3410,62,2833,2562,48,256,848,14,4979,5267,88,4371,4176,71,608,1091,17
Spring,0,1,10.05,3,Blue,mid,Eika,Immortals,Orianna,Kalista,Syndra,Aatrox,LeBlanc,Thresh,2745,1,5,1,4,13,8,0,0,0,0,0,0,0,0,0.2842,0.459,23486,513.3552,0.289261,286.9508,211.4317,21,0.459,12,0.2623,10,67,1.4645,21230,15355,335.6284,0.308635,19850,490,418,72,44,16,10.7104,3707,4889,96,3035,4454,79,672,435,17,6501,7778,158,4671,7267,135,1830,511,23
Spring,0,1,10.05,4,Blue,bot,Apollo,Immortals,Ezreal,Kalista,Syndra,Aatrox,LeBlanc,Thresh,2745,1,5,0,4,13,8,1,0,0,0,0,0,0,0,0.2842,0.459,25532,558.0765,0.314461,374.2951,276.7432,23,0.5027,21,0.459,10,77,1.6831,20077,14202,310.4262,0.285459,18533,450,413,37,20,13,9.8361,3417,3427,92,3192,3069,85,225,358,7,5253,6027,148,5578,5904,152,-325,123,-4
Spring,0,1,10.06,6,Red,top,sOAZ,Immortals,Aatrox,Senna,Kalista,Xayah,LeBlanc,Renekton,1942,0,0,4,4,6,15,0,0,0,0,1,0,1,0,0.1854,0.6488,9657,298.3625,0.230044,640.5973,654.9949,15,0.4634,2,0.0618,7,30,0.9269,9662,5425,167.6107,0.180351,9375,219,207,12,7,0,6.7662,3129,4502,77,2985,4271,71,144,231,6,4713,6768,117,5075,6874,110,-362,-106,7
Spring,0,1,10.06,7,Red,jng,Xmithie,Immortals,Jarvan IV,Senna,Kalista,Xayah,LeBlanc,Renekton,1942,0,2,5,4,6,15,0,0,0,0,1,1,0,0,0.1854,0.6488,5505,170.0824,0.131137,750.2781,862.0597,9,0.2781,14,0.4325,8,50,1.5448,9220,4983,153.9547,0.165657,9250,147,27,120,71,4,4.5417,3509,3460,67,2872,2979,48,637,481,19,4815,4889,88,4185,4455,68,630,434,20
Spring,0,1,10.06,8,Red,mid,Eika,Immortals,Viktor,Senna,Kalista,Xayah,LeBlanc,Renekton,1942,0,1,1,4,6,15,0,0,0,0,0,0,0,0,0.1854,0.6488,15343,474.0371,0.365492,374.7374,503.5427,13,0.4016,7,0.2163,5,36,1.1123,12478,8241,254.6138,0.273973,11730,311,301,10,10,0,9.6087,3263,4810,91,3588,4729,89,-325,81,2,5397,7592,150,5957,8031,160,-560,-439,-10
Spring,0,1,10.06,9,Red,bot,Apollo,Immortals,Varus,Senna,Kalista,Xayah,LeBlanc,Renekton,1942,0,2,4,1,6,15,0,0,0,0,0,0,0,0,0.1854,0.6488,8741,270.0618,0.208223,295.3347,351.2564,14,0.4325,9,0.2781,6,43,1.3285,12295,8058,248.9598,0.267889,12230,292,280,12,8,0,9.0216,3152,3215,84,3510,3113,85,-358,102,-1,5544,5674,141,5232,5167,132,312,507,9
Spring,0,1,10.06,10,Red,sup,Hakuho,Immortals,Rakan,Senna,Kalista,Xayah,LeBlanc,Renekton,1942,0,1,1,3,6,15,0,0,0,0,1,0,1,0,0.1854,0.6488,2733,84.4387,0.065104,280.5664,579.3924,42,1.2976,18,0.5561,12,94,2.9042,7610,3373,104.2122,0.11213,6800,46,46,0,0,0,1.4212,2168,2503,14,2093,2525,12,75,-22,2,3994,3675,23,3108,3762,19,886,-87,4
Summer,0,1,10.11,1,Blue,top,sOAZ,Immortals,Karma,Ornn,Aphelios,Yuumi,Corki,Viktor,1871,0,0,3,4,6,19,0,0,0,0,0,0,0,0,0.1924,0.8017,21661,694.6339,0.380545,578.3218,530.0267,16,0.5131,3,0.0962,6,28,0.8979,10288,6196,198.6959,0.218663,9850,243,240,3,2,0,7.7926,3193,4462,80,3417,4447,77,-224,15,3,4991,7451,133,5257,7464,134,-266,-13,-1
Summer,0,1,10.11,2,Blue,jng,Potluck,Immortals,Graves,Ornn,Aphelios,Yuumi,Corki,Viktor,1871,0,1,3,4,6,19,0,0,0,0,0,0,0,0,0.1924,0.8017,11327,363.2389,0.198995,608.1133,490.1336,8,0.2565,13,0.4169,7,48,1.5393,9823,5731,183.7841,0.202252,9600,213,61,152,118,4,6.8306,3513,3545,66,3353,3077,57,160,468,9,5380,6433,116,5049,5133,90,331,1300,26
Summer,0,1,10.11,3,Blue,mid,Eika,Immortals,Galio,Ornn,Aphelios,Yuumi,Corki,Viktor,1871,0,3,5,3,6,19,1,0,0,0,0,0,0,0,0.1924,0.8017,13264,425.3554,0.233025,645.6334,1006.1785,15,0.481,2,0.0641,9,23,0.7376,10966,6874,220.4383,0.242592,11335,232,216,16,16,0,7.4399,3320,4529,83,3802,4726,93,-482,-197,-10,5255,7674,128,6320,7832,158,-1065,-158,-30
Summer,0,1,10.11,4,Blue,bot,Altec,Immortals,Kai'Sa,Ornn,Aphelios,Yuumi,Corki,Viktor,1871,0,1,3,0,6,19,0,0,0,0,0,0,0,0,0.1924,0.8017,8104,259.8824,0.142373,376.9001,287.2047,12,0.3848,7,0.2245,4,30,0.9621,11523,7431,238.3004,0.262251,11500,284,277,7,7,0,9.1074,3372,3795,93,3391,3815,93,-19,-20,0,5111,6461,148,5160,6248,148,-49,213,0
Summer,0,1,10.11,5,Blue,sup,Gate,Immortals,Nautilus,Ornn,Aphelios,Yuumi,Corki,Viktor,1871,0,1,5,2,6,19,0,0,0,0,0,0,0,1,0.1924,0.8017,2565,82.2555,0.0450625,418.108,726.6382,47,1.5072,10,0.3207,17,80,2.5655,6196,2104,67.4719,0.0742421,6125,28,28,0,0,0,0.8979,2343,2402,12,2163,2517,12,180,-115,0,3214,2970,16,3188,3453,21,26,-483,-5
Spring,0,1,10.02,6,Red,top,sOAZ,Immortals,Ornn,Akali,Aphelios,Jarvan IV,Zoe,Braum,2438,1,0,2,4,8,9,0,0,0,0,0,0,0,0,0.1969,0.4184,12479,307.1124,0.238965,610.2625,956.8499,23,0.566,10,0.2461,8,43,1.0582,12053,6804,167.4487,0.179776,11650,267,267,0,0,0,6.571,3275,4891,88,3306,4963,92,-31,-72,-4,4967,7392,125,5501,7950,149,-534,-558,-24
Spring,0,1,10.02,7,Red,jng,Xmithie,Immortals,Elise,Akali,Aphelios,Jarvan IV,Zoe,Braum,2438,1,1,2,3,8,9,0,0,0,0,0,0,0,0,0.1969,0.4184,11043,271.7719,0.211467,470.845,332.8056,45,1.1075,22,0.5414,11,109,2.6825,11259,6010,147.9081,0.158797,10575,192,44,148,98,8,4.7252,2753,2432,51,2839,2915,55,-86,-483,-4,4145,4306,80,4302,4563,86,-157,-257,-6
Spring,0,1,10.02,8,Red,mid,Eika,Immortals,Azir,Akali,Aphelios,Jarvan IV,Zoe,Braum,2438,1,2,3,1,8,9,0,0,0,0,0,0,0,0,0.1969,0.4184,8399,206.7022,0.160836,370.6563,262.9122,16,0.3938,10,0.2461,6,43,1.0582,15078,9829,241.895,0.259705,13735,360,325,35,28,0,8.8597,3378,4875,94,3275,4968,88,103,-93,6,4967,7107,143,4935,6938,128,32,169,15
Spring,0,1,10.02,9,Red,bot,Altec,Immortals,Xayah,Akali,Aphelios,Jarvan IV,Zoe,Braum,2438,1,5,0,2,8,9,0,0,0,0,0,0,0,0,0.1969,0.4184,15873,390.6399,0.303958,98.5398,178.8187,22,0.5414,14,0.3445,10,55,1.3536,17700,12451,306.4233,0.328985,16150,404,368,36,28,4,9.9426,3168,3267,82,3853,3661,100,-685,-394,-18,6038,6192,142,5663,6186,160,375,6,-18
Spring,0,1,10.02,10,Red,sup,Hakuho,Immortals,Nautilus,Akali,Aphelios,Jarvan IV,Zoe,Braum,2438,1,0,2,5,8,9,0,0,0,0,0,0,0,1,0.1969,0.4184,4427,108.95,0.0847743,275.8573,517.2847,76,1.8704,18,0.443,21,132,3.2486,8002,2753,67.7523,0.0727382,7625,42,42,0,0,0,1.0336,2064,2136,14,2224,2478,12,-160,-342,2,3065,3551,20,3289,4027,23,-224,-476,-3
Spring,0,1,10.05,5,Blue,sup,Hakuho,Immortals,Rakan,Kalista,Syndra,Aatrox,LeBlanc,Thresh,2745,1,0,2,10,13,8,0,0,0,0,0,0,0,0,0.2842,0.459,3907,85.3989,0.0481199,309.0055,622.2295,71,1.5519,15,0.3279,17,130,2.8415,9855,3980,86.9945,0.079992,9325,36,36,0,0,0,0.7869,2175,2379,12,1998,2280,11,177,99,1,3207,3299,21,3277,3592,17,-70,-293,4
Spring,0,1,10.03,6,Red,top,sOAZ,Immortals,Ornn,Aphelios,Sett,Aatrox,Mordekaiser,Sivir,2066,0,0,2,2,4,12,0,0,0,0,0,0,0,0,0.1162,0.4647,13746,399.2062,0.274547,686.0503,890.6196,16,0.4647,3,0.0871,7,27,0.7841,10075,5585,162.1975,0.193025,9675,245,244,1,0,0,7.1152,3159,4614,81,3051,4266,77,108,348,4,4729,7267,129,4990,7433,141,-261,-166,-12
Spring,0,1,10.03,7,Red,jng,Xmithie,Immortals,Rek'Sai,Aphelios,Sett,Aatrox,Mordekaiser,Sivir,2066,0,1,4,2,4,12,0,0,0,0,0,0,0,1,0.1162,0.4647,4328,125.6922,0.0864424,781.1326,478.1704,32,0.9293,14,0.4066,8,76,2.2072,9788,5298,153.8625,0.183106,9375,176,20,156,110,4,5.1113,3092,3073,45,2709,2787,52,383,286,-7,4431,4889,73,4319,4292,78,112,597,-5
Spring,0,1,10.03,8,Red,mid,Eika,Immortals,Corki,Aphelios,Sett,Aatrox,Mordekaiser,Sivir,2066,0,3,1,1,4,12,0,0,0,0,0,0,0,0,0.1162,0.4647,16596,481.9748,0.331469,459.9613,338.8867,15,0.4356,7,0.2033,6,29,0.8422,13913,9423,273.6592,0.325677,13033,315,294,21,21,0,9.1481,3290,4459,80,3685,4459,75,-395,0,5,5059,7101,133,5606,7643,133,-547,-542,0
Spring,0,1,10.03,9,Red,bot,Altec,Immortals,Ezreal,Aphelios,Sett,Aatrox,Mordekaiser,Sivir,2066,0,0,3,2,4,12,0,0,0,0,0,0,0,0,0.1162,0.4647,10567,306.8829,0.211053,528.2091,271.0745,15,0.4356,9,0.2614,5,35,1.0165,10963,6473,187.9864,0.223717,11088,272,264,8,8,0,7.8993,2899,2760,66,3479,3057,85,-580,-297,-19,4602,4950,114,5677,5200,139,-1075,-250,-25
Spring,0,1,10.03,10,Red,sup,Hakuho,Immortals,Braum,Aphelios,Sett,Aatrox,Mordekaiser,Sivir,2066,0,0,2,2,4,12,0,0,0,0,0,0,0,0,0.1162,0.4647,4831,140.3001,0.0964888,435.0145,478.7512,56,1.6263,13,0.3775,18,89,2.5847,6645,2155,62.5847,0.0744746,6375,38,38,0,0,0,1.1036,2118,2291,14,2420,2483,0,-302,-192,14,3080,3029,21,4080,4345,2,-1000,-1316,19
Summer,0,1,10.15,6,Red,top,Allorim,Immortals,Sion,Karma,Olaf,Renekton,Morgana,Blitzcrank,1884,0,0,3,1,2,14,0,0,0,0,0,0,0,0,0.0637,0.5096,10696,340.6369,0.281889,1073.949,1350.3185,12,0.3822,7,0.2229,8,31,0.9873,9525,5406,172.1656,0.224492,9250,240,240,0,0,0,7.6433,2745,4435,61,3688,4435,80,-943,0,-19,4468,7418,111,6075,7184,134,-1607,234,-23
Summer,0,1,10.15,7,Red,jng,Xmithie,Immortals,Sett,Karma,Olaf,Renekton,Morgana,Blitzcrank,1884,0,0,4,2,2,14,0,0,0,0,0,0,0,1,0.0637,0.5096,6061,193.0255,0.159735,865.9554,818.8217,11,0.3503,12,0.3822,13,44,1.4013,9014,4895,155.8917,0.203272,8725,166,33,133,105,0,5.2866,3045,3184,61,3110,3324,65,-65,-140,-4,4642,4701,88,4647,5567,100,-5,-866,-12
Summer,0,1,10.15,8,Red,mid,Insanity,Immortals,Zoe,Karma,Olaf,Renekton,Morgana,Blitzcrank,1884,0,0,1,2,2,14,0,0,0,0,0,0,0,0,0.0637,0.5096,10304,328.1529,0.271558,553.5669,316.6561,10,0.3185,5,0.1592,0,17,0.5414,9631,5512,175.5414,0.228894,8175,250,238,12,12,0,7.9618,3191,4647,85,3100,4371,81,91,276,4,4817,7168,132,5330,7387,138,-513,-219,-6
Summer,0,1,10.15,9,Red,bot,Apollo,Immortals,Jhin,Karma,Olaf,Renekton,Morgana,Blitzcrank,1884,0,2,3,0,2,14,0,0,0,0,0,0,0,0,0.0637,0.5096,7467,237.8025,0.19679,386.1465,140.7962,11,0.3503,6,0.1911,4,32,1.0191,10685,6566,209.1083,0.272662,9950,259,255,4,4,0,8.2484,3289,3620,88,3394,3731,93,-105,-111,-5,4742,5175,129,5089,5579,139,-347,-404,-10
Summer,0,1,10.15,10,Red,sup,Hakuho,Immortals,Nautilus,Karma,Olaf,Renekton,Morgana,Blitzcrank,1884,0,0,3,1,2,14,0,0,0,0,0,0,0,0,0.0637,0.5096,3416,108.7898,0.0900274,443.2803,607.8344,39,1.242,6,0.1911,14,60,1.9108,5821,1702,54.2038,0.0706792,5500,31,31,0,0,0,0.9873,2035,2411,15,2027,2415,13,8,-4,2,2949,3534,20,3249,3655,17,-300,-121,3
Summer,0,1,10.13,1,Blue,top,Allorim,Immortals,Aatrox,Twisted Fate,Kalista,Volibear,Bard,Orianna,1610,0,0,5,0,1,15,0,0,0,0,0,0,0,1,0.0373,0.5963,9444,351.9503,0.214087,770.9068,685.9379,15,0.559,4,0.1491,6,22,0.8199,7590,4030,150.1863,0.183115,7400,157,154,3,1,0,5.8509,2765,3759,62,3212,4756,75,-447,-997,-13,4462,5916,99,5240,7361,115,-778,-1445,-16
Summer,0,1,10.13,2,Blue,jng,Xmithie,Immortals,Sett,Twisted Fate,Kalista,Volibear,Bard,Orianna,1610,0,1,3,0,1,15,0,0,0,0,0,0,0,0,0.0373,0.5963,7871,293.3292,0.178428,837.5404,962.236,9,0.3354,9,0.3354,9,34,1.2671,8364,4804,179.0311,0.218284,7975,164,29,135,108,3,6.1118,2804,3104,56,3485,3614,56,-681,-510,0,4197,4821,86,5271,5989,91,-1074,-1168,-5
Summer,0,1,10.13,3,Blue,mid,Insanity,Immortals,Syndra,Twisted Fate,Kalista,Volibear,Bard,Orianna,1610,0,0,2,1,1,15,0,0,0,0,0,0,0,0,0.0373,0.5963,16256,605.8137,0.368508,333.6894,170.9068,9,0.3354,5,0.1863,5,25,0.9317,9398,5838,217.5652,0.265267,8210,260,244,16,16,0,9.6894,3337,4797,90,3785,4811,89,-448,-14,1,5245,7812,149,5702,7739,148,-457,73,1
Summer,0,1,10.13,4,Blue,bot,Apollo,Immortals,Aphelios,Twisted Fate,Kalista,Volibear,Bard,Orianna,1610,0,0,3,1,1,15,0,0,0,0,0,0,0,0,0.0373,0.5963,6531,243.3913,0.148052,266.795,191.8509,13,0.4845,12,0.4472,6,44,1.6398,8871,5311,197.9255,0.241321,8050,230,230,0,0,0,8.5714,3586,3547,96,3480,3161,91,106,386,5,5197,5383,142,5899,5459,137,-702,-76,5
Summer,0,1,10.13,5,Blue,sup,Hakuho,Immortals,Karma,Twisted Fate,Kalista,Volibear,Bard,Orianna,1610,0,0,2,1,1,15,0,0,0,0,0,0,0,0,0.0373,0.5963,4011,149.4783,0.0909256,247.5652,176.4596,34,1.2671,14,0.5217,13,68,2.5342,5585,2025,75.4658,0.092012,5275,38,38,0,0,0,1.4161,2148,2352,12,2119,2862,12,29,-510,0,3178,3424,20,3274,4074,20,-96,-650,0
Summer,0,1,10.14,6,Red,top,Allorim,Immortals,Urgot,Rumble,LeBlanc,Twisted Fate,Bard,Syndra,1829,0,1,3,1,3,12,0,0,0,0,0,0,0,0,0.0984,0.4921,6775,222.2526,0.193737,556.5336,512.2799,13,0.4265,4,0.1312,4,30,0.9841,10673,6666,218.6769,0.258269,10500,253,249,4,0,0,8.2996,2868,4310,66,2984,4359,71,-116,-49,-5,5097,7275,117,5120,7472,116,-23,-197,1
Summer,0,1,10.14,7,Red,jng,Xmithie,Immortals,Graves,Rumble,LeBlanc,Twisted Fate,Bard,Syndra,1829,0,0,1,1,3,12,0,0,0,0,0,0,0,0,0.0984,0.4921,8290,271.9519,0.23706,714.9809,396.0525,10,0.328,10,0.328,8,35,1.1482,8423,4416,144.866,0.171098,8275,174,20,154,114,16,5.708,2820,2650,54,2900,3067,62,-80,-417,-8,4300,4745,91,5120,4728,85,-820,17,6
Summer,0,1,10.14,8,Red,mid,Insanity,Immortals,Azir,Rumble,LeBlanc,Twisted Fate,Bard,Syndra,1829,0,2,4,1,3,12,0,0,0,0,0,0,0,1,0.0984,0.4921,7408,243.018,0.211839,416.4243,179.9672,16,0.5249,7,0.2296,6,39,1.2794,9907,5900,193.5484,0.228592,9550,241,229,12,12,0,7.906,3099,4515,85,3223,4476,88,-124,39,-3,5015,6918,126,4988,6443,128,27,475,-2
Summer,0,1,10.14,9,Red,bot,Apollo,Immortals,Ashe,Rumble,LeBlanc,Twisted Fate,Bard,Syndra,1829,0,0,1,2,3,12,0,0,0,0,0,0,0,0,0.0984,0.4921,8218,269.5899,0.235001,350.0929,172.2909,15,0.4921,9,0.2952,6,46,1.509,10744,6737,221.006,0.26102,9300,283,275,8,8,0,9.2838,3174,3339,86,3591,3232,92,-417,107,-6,4565,4930,115,7158,5701,135,-2593,-771,-20
Summer,0,1,10.14,10,Red,sup,Hakuho,Immortals,Braum,Rumble,LeBlanc,Twisted Fate,Bard,Syndra,1829,0,0,3,2,3,12,0,0,0,0,0,0,0,0,0.0984,0.4921,4279,140.3718,0.122362,333.3953,311.4817,48,1.5746,17,0.5577,14,88,2.8868,6098,2091,68.5949,0.0810206,6000,39,39,0,0,0,1.2794,2024,2663,12,2127,2776,13,-103,-113,-1,3205,3656,22,3518,4183,17,-313,-527,5
Spring,0,1,10.03,6,Red,top,sOAZ,Immortals,Gangplank,Aphelios,Xayah,Aatrox,Olaf,LeBlanc,2016,1,2,0,7,11,1,0,0,0,0,0,0,0,0,0.3274,0.3571,19695,586.1607,0.311763,595.2083,534.9107,18,0.5357,6,0.1786,8,40,1.1905,13875,9487,282.3512,0.232868,12033,251,239,12,4,1,7.4702,3497,4687,83,3027,5023,80,470,-336,3,5432,7509,130,5052,7709,133,380,-200,-3
Spring,0,1,10.03,7,Red,jng,Xmithie,Immortals,Sejuani,Aphelios,Xayah,Aatrox,Olaf,LeBlanc,2016,1,2,0,8,11,1,0,0,0,0,1,0,1,0,0.3274,0.3571,6634,197.4405,0.105013,1100.8929,1352.5298,11,0.3274,14,0.4167,9,55,1.6369,12648,8260,245.8333,0.202749,11075,213,39,174,105,19,6.3393,3542,3794,74,2829,2742,54,713,1052,20,5510,6183,115,4449,4839,94,1061,1344,21
Spring,0,1,10.03,8,Red,mid,Eika,Immortals,Cassiopeia,Aphelios,Xayah,Aatrox,Olaf,LeBlanc,2016,1,4,0,1,11,1,1,0,0,0,0,0,0,0,0.3274,0.3571,8643,257.2321,0.136815,266.9643,173.5119,19,0.5655,7,0.2083,10,47,1.3988,14203,9815,292.1131,0.240919,12700,310,286,24,12,8,9.2262,3338,4860,91,3508,4784,98,-170,76,-7,5480,7958,154,5548,7908,161,-68,50,-7
Summer,0,1,10.12,6,Red,top,Allorim,Immortals,Aatrox,Varus,Olaf,Syndra,Jayce,Gangplank,1536,0,0,7,0,3,18,0,0,0,0,0,0,0,0,0.1172,0.8203,4959,193.7109,0.163582,731.6016,514.8047,12,0.4688,8,0.3125,8,26,1.0156,8048,4639,181.2109,0.211614,8050,196,187,9,2,0,7.6563,3036,4825,76,3682,4532,80,-646,293,-4,4699,6945,113,6453,7495,133,-1754,-550,-20
Summer,0,1,10.12,7,Red,jng,Xmithie,Immortals,Ivern,Varus,Olaf,Syndra,Jayce,Gangplank,1536,0,0,4,3,3,18,0,0,0,0,1,0,1,0,0.1172,0.8203,2420,94.5313,0.0798285,320.6641,244.375,7,0.2734,7,0.2734,7,24,0.9375,6715,3306,129.1406,0.150807,6225,118,11,107,95,4,4.6094,2755,2747,47,3103,3256,62,-348,-509,-15,4168,4838,81,5091,6014,105,-923,-1176,-24
Summer,0,1,10.12,8,Red,mid,Insanity,Immortals,Zoe,Varus,Olaf,Syndra,Jayce,Gangplank,1536,0,1,1,0,3,18,0,0,0,0,0,0,0,0,0.1172,0.8203,10575,413.0859,0.348837,373.3984,178.4766,13,0.5078,3,0.1172,6,20,0.7813,9661,6252,244.2188,0.285194,9340,219,219,0,0,0,8.5547,3300,4450,90,3999,5396,94,-699,-946,-4,5213,6941,145,6098,8490,148,-885,-1549,-3
Summer,0,1,10.12,9,Red,bot,Apollo,Immortals,Ezreal,Varus,Olaf,Syndra,Jayce,Gangplank,1536,0,2,3,0,3,18,0,0,0,0,1,1,0,0,0.1172,0.8203,10462,408.6719,0.34511,350.4297,241.6016,13,0.5078,7,0.2734,6,19,0.7422,9489,6080,237.5,0.277348,8100,234,234,0,0,0,9.1406,3920,3003,86,3740,3384,96,180,-381,-10,5746,5487,142,6145,5677,154,-399,-190,-12
Summer,0,1,10.12,10,Red,sup,Hakuho,Immortals,Nautilus,Varus,Olaf,Syndra,Jayce,Gangplank,1536,0,0,3,3,3,18,0,0,0,0,1,0,1,0,0.1172,0.8203,1899,74.1797,0.0626423,344.375,652.1484,28,1.0938,9,0.3516,10,39,1.5234,5054,1645,64.2578,0.0750376,5000,30,30,0,0,0,1.1719,2077,2554,11,2072,2401,12,5,153,-1,3129,3482,23,3438,3763,25,-309,-281,-2
Spring,0,1,10.03,6,Red,top,sOAZ,Immortals,Ornn,Rumble,Soraka,Sett,Olaf,LeBlanc,1779,0,0,1,2,4,17,0,0,0,0,0,0,0,0,0.1349,0.7083,4235,142.8331,0.14879,510.8938,546.3069,10,0.3373,2,0.0675,3,14,0.4722,8507,4602,155.2108,0.185088,8175,202,202,0,0,0,6.8128,2999,4619,73,3606,4745,85,-607,-126,-12,4473,7320,115,5703,8065,152,-1230,-745,-37
Spring,0,1,10.03,7,Red,jng,Xmithie,Immortals,Sejuani,Rumble,Soraka,Sett,Olaf,LeBlanc,1779,0,0,6,3,4,17,0,0,0,0,0,0,0,1,0.1349,0.7083,3616,121.9562,0.127042,890.5565,546.6779,13,0.4384,8,0.2698,13,39,1.3153,7417,3512,118.4486,0.141251,7175,126,14,112,98,2,4.2496,2744,2542,45,3693,3294,64,-949,-752,-19,4197,4123,75,5133,4692,92,-936,-569,-17
Spring,0,1,10.03,8,Red,mid,Eika,Immortals,Corki,Rumble,Soraka,Sett,Olaf,LeBlanc,1779,0,1,3,3,4,17,0,0,0,0,0,0,0,0,0.1349,0.7083,12100,408.0944,0.425113,461.3491,233.9629,14,0.4722,6,0.2024,6,35,1.1804,11070,7165,241.6526,0.288163,10283,278,248,30,25,2,9.3761,3426,5200,92,3505,5097,100,-79,103,-8,5697,8445,157,5887,8677,169,-190,-232,-12
Spring,0,1,10.03,9,Red,bot,Altec,Immortals,Miss Fortune,Rumble,Soraka,Sett,Olaf,LeBlanc,1779,0,1,3,0,4,17,0,0,0,0,0,0,0,0,0.1349,0.7083,5447,183.7099,0.191371,299.9663,274.7386,12,0.4047,7,0.2361,5,31,1.0455,10795,6890,232.3777,0.277104,10275,278,265,13,9,0,9.3761,3714,3224,87,3287,3126,86,427,98,1,5811,6201,159,5318,5311,146,493,890,13
Spring,0,1,10.03,10,Red,sup,Hakuho,Immortals,Nautilus,Rumble,Soraka,Sett,Olaf,LeBlanc,1779,0,2,4,1,4,17,0,0,0,0,0,0,0,0,0.1349,0.7083,3065,103.3727,0.107684,356.2563,412.344,41,1.3828,21,0.7083,15,84,2.8331,6600,2695,90.8938,0.108394,6375,39,39,0,0,0,1.3153,2371,2388,12,2108,2579,13,263,-191,-1,3458,3629,20,3232,4062,19,226,-433,1
Spring,0,1,10.06,6,Red,top,sOAZ,Immortals,Sett,Senna,Kalista,Rumble,Renekton,Viktor,2163,0,3,3,1,8,15,0,0,0,0,1,1,0,0,0.2219,0.638,17449,484.0222,0.266649,793.4258,1088.2108,19,0.527,10,0.2774,7,47,1.3037,13718,9030,250.4854,0.271392,13175,284,283,1,0,1,7.8779,3609,4719,83,3015,4293,68,594,426,15,5821,7901,143,4827,7021,122,994,880,21
Spring,0,1,10.06,7,Red,jng,Xmithie,Immortals,Sejuani,Senna,Kalista,Rumble,Renekton,Viktor,2163,0,1,3,4,8,15,0,0,0,0,1,0,1,0,0.2219,0.638,9573,265.5479,0.146291,1198.835,1274.147,10,0.2774,12,0.3329,10,45,1.2483,10643,5955,165.1872,0.178974,10350,191,38,153,114,10,5.2982,3065,3221,59,3247,3194,56,-182,27,3,4421,5214,88,4961,5008,82,-540,206,6
Spring,0,1,10.06,8,Red,mid,Eika,Immortals,Zoe,Senna,Kalista,Rumble,Renekton,Viktor,2163,0,2,3,3,8,15,0,0,0,0,0,0,0,0,0.2219,0.638,18879,523.6893,0.288502,449.7087,283.6338,17,0.4716,5,0.1387,6,34,0.9431,11382,6694,185.6865,0.201184,11150,251,239,12,12,0,6.9626,2989,4487,76,3449,5043,100,-460,-556,-24,4815,7275,134,5854,8319,168,-1039,-1044,-34
Spring,0,1,10.06,9,Red,bot,Apollo,Immortals,Miss Fortune,Senna,Kalista,Rumble,Renekton,Viktor,2163,0,1,2,6,8,15,0,0,0,0,0,0,0,0,0.2219,0.638,16507,457.8918,0.252254,297.4757,313.3703,19,0.527,7,0.1942,11,52,1.4424,13306,8618,239.0569,0.25901,13025,312,292,20,12,0,8.6546,3364,3268,93,3279,3146,88,85,122,5,5023,5497,144,5040,4669,123,-17,828,21
Spring,0,1,10.06,10,Red,sup,Hakuho,Immortals,Leona,Senna,Kalista,Rumble,Renekton,Viktor,2163,0,1,4,4,8,15,0,0,0,0,0,0,0,0,0.2219,0.638,3030,84.0499,0.0463034,429.792,629.57,46,1.276,15,0.4161,13,85,2.3578,7664,2976,82.552,0.0894399,7325,36,36,0,0,0,0.9986,1980,2483,12,2112,2842,17,-132,-359,-5,3016,3426,20,3326,4312,26,-310,-886,-6
Spring,0,1,10.04,6,Red,top,sOAZ,Immortals,Camille,Ornn,Aphelios,Sett,Trundle,Azir,1901,0,0,4,2,5,10,0,0,0,0,0,0,0,1,0.1578,0.4734,4326,136.5387,0.172798,487.6381,376.1915,14,0.4419,8,0.2525,4,28,0.8837,10339,6185,195.213,0.226397,8308,240,240,0,0,0,7.575,2564,4070,51,4827,5433,86,-2263,-1363,-35,4069,6445,95,6996,8729,142,-2927,-2284,-47
Spring,0,1,10.04,7,Red,jng,Xmithie,Immortals,Lee Sin,Ornn,Aphelios,Sett,Trundle,Azir,1901,0,0,1,4,5,10,0,0,0,0,0,0,0,0,0.1578,0.4734,2490,78.5902,0.0994608,565.5971,520.3367,15,0.4734,11,0.3472,10,30,0.9469,7883,3729,117.6959,0.136503,7325,136,20,116,88,4,4.2925,2667,2705,53,3297,3439,61,-630,-734,-8,3959,4128,74,4647,4960,91,-688,-832,-17
Spring,0,1,10.04,8,Red,mid,Eika,Immortals,LeBlanc,Ornn,Aphelios,Sett,Trundle,Azir,1901,0,0,2,3,5,10,0,0,0,0,0,0,0,0,0.1578,0.4734,7381,232.9616,0.294827,435.2762,266.323,16,0.505,6,0.1894,9,27,0.8522,10159,6005,189.5318,0.219809,9675,268,260,8,8,0,8.4587,3228,4802,84,3567,5007,94,-339,-205,-10,4765,7454,130,5675,8039,154,-910,-585,-24
Spring,0,1,10.04,9,Red,bot,Apollo,Immortals,Varus,Ornn,Aphelios,Sett,Trundle,Azir,1901,0,4,1,1,5,10,0,0,0,0,0,0,0,0,0.1578,0.4734,7901,249.374,0.315598,255.434,227.5644,14,0.4419,10,0.3156,6,35,1.1047,13198,9044,285.4498,0.331043,12925,317,306,11,11,0,10.0053,3631,3511,100,3346,3285,88,285,226,12,5840,6125,150,5156,5194,128,684,931,22
Spring,0,1,10.04,10,Red,sup,Hakuho,Immortals,Tahm Kench,Ornn,Aphelios,Sett,Trundle,Azir,1901,0,1,2,2,5,10,0,0,0,0,0,0,0,0,0.1578,0.4734,2937,92.6986,0.117316,440.2315,703.1457,41,1.2941,11,0.3472,13,70,2.2094,6510,2356,74.3609,0.0862478,5850,32,32,0,0,0,1.01,2144,2687,12,2125,2599,14,19,88,-2,3483,3757,24,3312,3704,27,171,53,-3
Spring,0,1,10.04,1,Blue,top,sOAZ,Immortals,Renekton,Aatrox,Mordekaiser,Gangplank,Sejuani,Jarvan IV,1879,1,2,0,5,14,4,0,0,0,0,0,0,0,0,0.447,0.5748,14096,450.1118,0.226792,742.0969,684.1724,16,0.5109,7,0.2235,7,36,1.1495,12246,8137,259.8297,0.21958,11700,255,247,8,0,4,8.1426,3669,5041,91,2663,4211,57,1006,830,34,5440,7714,139,4171,6767,106,1269,947,33
Spring,0,1,10.04,2,Blue,jng,Xmithie,Immortals,Gragas,Aatrox,Mordekaiser,Gangplank,Sejuani,Jarvan IV,1879,1,3,0,6,14,4,0,0,0,0,0,0,0,0,0.447,0.5748,12480,398.5098,0.200792,690.1756,432.198,31,0.9899,17,0.5428,10,74,2.363,10059,5950,189.9947,0.160565,9250,165,35,130,74,13,5.2688,2753,2697,52,2972,3062,61,-219,-365,-9,4566,4823,82,4407,5073,95,159,-250,-13
Spring,0,1,10.04,3,Blue,mid,Eika,Immortals,Qiyana,Aatrox,Mordekaiser,Gangplank,Sejuani,Jarvan IV,1879,1,1,2,9,14,4,0,0,0,0,0,0,0,1,0.447,0.5748,10368,331.0697,0.166811,341.8627,163.3316,14,0.447,12,0.3832,10,43,1.3731,12146,8037,256.6365,0.216882,11650,244,219,25,16,0,7.7914,2875,4406,64,3695,4864,89,-820,-458,-25,4988,7096,113,5310,7176,135,-322,-80,-22
Spring,0,1,10.04,4,Blue,bot,Apollo,Immortals,Aphelios,Aatrox,Mordekaiser,Gangplank,Sejuani,Jarvan IV,1879,1,8,0,3,14,4,2,1,1,1,0,0,0,0,0.447,0.5748,21862,698.0947,0.351739,258.297,269.058,16,0.5109,9,0.2874,9,42,1.3411,15923,11814,377.2432,0.318802,13925,312,284,28,20,4,9.9627,3274,2985,89,3495,3244,97,-221,-259,-8,6417,5750,147,5263,5622,150,1154,128,-3
Spring,0,1,10.04,5,Blue,sup,Hakuho,Immortals,Tahm Kench,Aatrox,Mordekaiser,Gangplank,Sejuani,Jarvan IV,1879,1,0,2,8,14,4,0,0,0,0,0,0,0,0,0.447,0.5748,3348,106.9079,0.0538662,380.5641,567.0782,47,1.5008,6,0.1916,14,76,2.4268,7228,3119,99.5955,0.0841714,6500,27,26,1,0,0,0.8622,2094,2867,13,2095,2762,14,-1,105,-1,3263,3801,21,2970,3438,18,293,363,3
Summer,0,1,10.15,6,Red,top,Allorim,Immortals,Ornn,Kalista,Bard,Graves,Morgana,Blitzcrank,2587,1,0,1,11,15,13,0,0,0,0,0,0,0,0,0.3479,0.6494,11120,257.9049,0.148443,561.9405,951.4186,21,0.4871,11,0.2551,7,49,1.1365,14594,9041,209.6869,0.19094,13825,303,294,9,7,0,7.0274,2765,3871,60,3699,4531,79,-934,-660,-19,4490,6822,115,6167,7464,138,-1677,-642,-23
Summer,0,1,10.15,7,Red,jng,Xmithie,Immortals,Trundle,Kalista,Bard,Graves,Morgana,Blitzcrank,2587,1,2,5,11,15,13,0,0,0,0,0,0,0,1,0.3479,0.6494,7267,168.5427,0.0970085,1165.1411,964.3603,14,0.3247,11,0.2551,13,60,1.3916,11614,6061,140.5721,0.128004,10885,160,29,131,90,6,3.7109,2863,2650,48,3246,3320,55,-383,-670,-7,4449,4406,78,5682,5330,88,-1233,-924,-10
Summer,0,1,10.15,8,Red,mid,Insanity,Immortals,Corki,Kalista,Bard,Graves,Morgana,Blitzcrank,2587,1,11,1,1,15,13,2,0,0,0,0,0,0,0,0.3479,0.6494,30536,708.218,0.40763,417.3096,542.8295,20,0.4639,5,0.116,5,40,0.9277,22254,16701,387.3444,0.352715,19608,390,353,37,20,5,9.0452,3167,4112,78,3888,4973,83,-721,-861,-5,5522,7359,142,5894,8066,144,-372,-707,-2
Summer,0,1,10.15,9,Red,bot,Apollo,Immortals,Ashe,Kalista,Bard,Graves,Morgana,Blitzcrank,2587,1,2,2,12,15,13,1,0,0,0,0,0,0,0,0.3479,0.6494,20242,469.4704,0.270214,397.271,242.2265,17,0.3943,15,0.3479,5,70,1.6235,17044,11491,266.5095,0.242683,15925,365,328,37,25,4,8.4654,3266,2982,78,3492,3202,95,-226,-220,-17,4970,5038,120,5374,5431,149,-404,-393,-29
Summer,0,1,10.15,10,Red,sup,Hakuho,Immortals,Thresh,Kalista,Bard,Graves,Morgana,Blitzcrank,2587,1,0,4,14,15,13,0,0,0,0,0,0,0,0,0.3479,0.6494,5746,133.2663,0.0767044,477.959,378.0905,72,1.6699,12,0.2783,23,111,2.5744,9609,4056,94.0704,0.085659,9375,32,32,0,0,0,0.7422,2238,2549,12,2033,2596,14,205,-47,-2,3409,3806,20,3126,3835,24,283,-29,-4
Spring,0,1,10.03,1,Blue,top,sOAZ,Immortals,Sett,Nautilus,Mordekaiser,Rumble,Aatrox,LeBlanc,1741,0,0,3,0,4,10,0,0,0,0,0,0,0,0,0.1379,0.4825,11871,409.1097,0.255395,797.2659,867.019,13,0.448,8,0.2757,4,29,0.9994,8352,4525,155.9449,0.194473,8303,198,192,6,5,0,6.8237,3002,4070,76,3224,4886,72,-222,-816,4,4401,6364,113,5170,7974,127,-769,-1610,-14
Spring,0,1,10.03,2,Blue,jng,Xmithie,Immortals,Elise,Nautilus,Mordekaiser,Rumble,Aatrox,LeBlanc,1741,0,1,2,1,4,10,0,0,0,0,0,0,0,0,0.1379,0.4825,7626,262.8145,0.164067,539.2763,219.529,22,0.7582,9,0.3102,9,52,1.7921,7659,3832,132.062,0.164688,7525,137,29,108,80,5,4.7214,2806,3138,51,2997,3188,61,-191,-50,-10,4281,4882,75,4705,4788,94,-424,94,-19
Spring,0,1,10.03,3,Blue,mid,Eika,Immortals,Orianna,Nautilus,Mordekaiser,Rumble,Aatrox,LeBlanc,1741,0,1,2,2,4,10,0,0,0,0,0,0,0,0,0.1379,0.4825,14414,496.749,0.310105,343.8024,244.8937,15,0.5169,6,0.2068,8,36,1.2407,9750,5923,204.1241,0.254558,9650,230,209,21,21,0,7.9265,3133,4448,81,3240,4559,86,-107,-111,-5,4997,7277,137,4933,7061,134,64,216,3
Spring,0,1,10.03,4,Blue,bot,Altec,Immortals,Xayah,Nautilus,Mordekaiser,Rumble,Aatrox,LeBlanc,1741,0,2,2,1,4,10,0,0,0,0,0,0,0,1,0.1379,0.4825,9096,313.475,0.195693,411.7978,170.8329,13,0.448,4,0.1379,6,23,0.7926,10471,6644,228.9719,0.285547,10800,216,216,0,0,0,7.444,2921,2667,60,3330,3244,10,-409,-577,50,4732,4486,106,5215,4617,19,-483,-131,87
Spring,0,1,10.03,5,Blue,sup,Hakuho,Immortals,Rakan,Nautilus,Mordekaiser,Rumble,Aatrox,LeBlanc,1741,0,0,1,4,4,10,0,0,0,0,0,0,0,0,0.1379,0.4825,3474,119.7243,0.0747402,234.865,408.6272,42,1.4474,13,0.448,14,71,2.4469,6171,2344,80.7812,0.100734,5350,40,40,0,0,0,1.3785,2186,2305,15,3294,2808,73,-1108,-503,-58,3482,4101,27,5086,4302,108,-1604,-201,-81
Summer,0,1,10.14,1,Blue,top,Allorim,Immortals,Maokai,Twisted Fate,Aphelios,Olaf,Alistar,Wukong,1539,0,0,3,1,2,16,0,0,0,0,1,0,1,0,0.078,0.7018,6788,264.6394,0.182733,905.9649,922.1053,8,0.3119,2,0.078,3,20,0.7797,7565,4150,161.7934,0.21304,7625,172,168,4,1,0,6.7057,3060,4508,65,3293,5023,79,-233,-515,-14,4545,6710,102,5805,7434,122,-1260,-724,-20
Summer,0,1,10.14,2,Blue,jng,Xmithie,Immortals,Sett,Twisted Fate,Aphelios,Olaf,Alistar,Wukong,1539,0,1,4,0,2,16,0,0,0,0,1,1,0,0,0.078,0.7018,5454,212.6316,0.146822,888.8499,846.0429,7,0.2729,8,0.3119,8,34,1.3255,7670,4255,165.8869,0.21843,7650,139,31,108,88,0,5.4191,3269,3291,57,3350,3548,65,-81,-257,-8,5074,5086,88,5029,5812,104,45,-726,-16
Summer,0,1,10.14,3,Blue,mid,Insanity,Immortals,Zoe,Twisted Fate,Aphelios,Olaf,Alistar,Wukong,1539,0,1,1,0,2,16,0,0,0,0,0,0,0,0,0.078,0.7018,15482,603.5867,0.416777,372.7485,168.3431,12,0.4678,2,0.078,4,29,1.1306,8444,5029,196.0624,0.258165,8050,223,205,18,14,0,8.694,3275,5010,91,3471,4956,96,-196,54,-5,5021,7797,143,5172,7619,140,-151,178,3
Summer,0,1,10.14,4,Blue,bot,Apollo,Immortals,Ashe,Twisted Fate,Aphelios,Olaf,Alistar,Wukong,1539,0,0,5,1,2,16,0,0,0,0,0,0,0,0,0.078,0.7018,7460,290.8382,0.200824,455.3996,185.848,11,0.4288,1,0.039,5,26,1.0136,7592,4177,162.846,0.214426,6725,180,180,0,0,0,7.0175,3038,2760,77,3422,2866,90,-384,-106,-13,4946,4449,118,6057,5105,147,-1111,-656,-29
Summer,0,1,10.14,5,Blue,sup,Hakuho,Immortals,Nautilus,Twisted Fate,Aphelios,Olaf,Alistar,Wukong,1539,0,0,3,1,2,16,0,0,0,0,0,0,0,0,0.078,0.7018,1963,76.5302,0.0528441,391.54,811.2281,31,1.2086,4,0.1559,11,49,1.9103,5284,1869,72.8655,0.0959403,5075,30,30,0,0,0,1.1696,1988,2670,13,2204,2687,12,-216,-17,1,3313,3451,18,3365,3838,19,-52,-387,-1
Spring,0,1,10.04,1,Blue,top,sOAZ,Immortals,Camille,Rumble,Sett,Varus,Azir,Zoe,2981,1,3,5,7,20,18,0,0,0,0,1,0,1,0,0.4025,0.7648,22019,443.1869,0.196192,758.3227,879.0876,21,0.4227,6,0.1208,3,43,0.8655,20209,13852,278.8058,0.239853,18258,384,349,35,0,18,7.729,3084,4524,69,3153,4733,85,-69,-209,-16,5314,7162,114,4923,7525,137,391,-363,-23
Spring,0,1,10.04,2,Blue,jng,Xmithie,Immortals,Trundle,Rumble,Sett,Varus,Azir,Zoe,2981,1,0,5,16,20,18,0,0,0,0,1,0,1,0,0.4025,0.7648,10280,206.9104,0.091596,977.0278,995.0218,17,0.3422,30,0.6038,16,86,1.731,13931,7574,152.4455,0.131148,12650,193,54,139,91,10,3.8846,2727,2848,49,2945,2867,55,-218,-19,-6,4384,4617,72,4297,4557,87,87,60,-15
Spring,0,1,10.04,3,Blue,mid,Eika,Immortals,Cassiopeia,Rumble,Sett,Varus,Azir,Zoe,2981,1,6,3,11,20,18,2,0,0,0,1,1,0,0,0.4025,0.7648,30800,619.9262,0.274432,463.1533,333.3714,32,0.6441,10,0.2013,21,56,1.1271,19785,13428,270.2717,0.232511,17910,363,307,56,52,0,7.3063,3863,4736,99,3594,4686,91,269,50,8,5829,7187,145,6447,8306,165,-618,-1119,-20
Spring,0,1,10.04,4,Blue,bot,Apollo,Immortals,Miss Fortune,Rumble,Sett,Varus,Azir,Zoe,2981,1,10,1,6,20,18,2,1,0,0,0,0,0,0,0.4025,0.7648,42858,862.6233,0.38187,172.0295,455.3438,24,0.4831,20,0.4025,12,85,1.7108,24206,17849,359.2553,0.309061,19100,474,427,47,32,2,9.5404,3450,3504,99,3291,3491,87,159,13,12,5607,5855,147,4998,5615,141,609,240,6
Spring,0,1,10.04,5,Blue,sup,Hakuho,Immortals,Nautilus,Rumble,Sett,Varus,Azir,Zoe,2981,1,1,4,12,20,18,0,0,0,0,0,0,0,0,0.4025,0.7648,6275,126.2999,0.055911,309.5203,781.8115,87,1.7511,16,0.322,29,149,2.999,11406,5049,101.6236,0.0874271,10325,41,41,0,0,0,0.8252,2085,2472,14,2113,2528,15,-28,-56,-1,3138,3547,19,3197,3905,22,-59,-358,-3
Spring,0,1,10.03,9,Red,bot,Altec,Immortals,Ezreal,Aphelios,Xayah,Aatrox,Olaf,LeBlanc,2016,1,2,0,6,11,1,0,0,0,0,0,0,0,0,0.3274,0.3571,25763,766.756,0.407817,304.0774,149.0774,18,0.5357,13,0.3869,8,42,1.25,13715,9327,277.5893,0.22894,12058,292,275,17,12,5,8.6905,3068,3002,81,3560,3419,101,-492,-417,-20,5138,5805,136,5227,5025,148,-89,780,-12
Spring,0,1,10.03,10,Red,sup,Hakuho,Immortals,Nautilus,Aphelios,Xayah,Aatrox,Olaf,LeBlanc,2016,1,1,1,6,11,1,0,0,0,0,1,1,0,0,0.3274,0.3571,2438,72.5595,0.0385924,256.9345,654.0774,49,1.4583,10,0.2976,14,93,2.7679,8239,3851,114.6131,0.0945232,7100,34,34,0,0,0,1.0119,2406,2649,13,2095,2948,12,311,-299,1,3446,3445,21,3262,4539,23,184,-1094,-2
Summer,0,1,10.11,1,Blue,top,sOAZ,Immortals,Ornn,Syndra,Yuumi,Kalista,Corki,Zoe,2089,0,1,4,1,8,16,0,0,0,0,0,0,0,0,0.2298,0.6893,16131,463.3126,0.318341,573.4035,820.8425,18,0.517,4,0.1149,7,34,0.9765,11443,6906,198.3533,0.209616,11275,230,230,0,0,0,6.606,2867,4344,66,3403,4393,76,-536,-49,-10,5153,6901,113,5452,7063,123,-299,-162,-10
Summer,0,1,10.11,2,Blue,jng,Potluck,Immortals,Lee Sin,Syndra,Yuumi,Kalista,Corki,Zoe,2089,0,2,3,3,8,16,0,0,0,0,1,1,0,0,0.2298,0.6893,5428,155.9023,0.10712,620.6798,774.3705,23,0.6606,11,0.3159,12,52,1.4935,10079,5542,159.1766,0.168214,9575,167,27,140,103,0,4.7966,3123,2692,49,2631,2542,49,492,150,0,4770,4161,74,4206,4139,80,564,22,-6
Summer,0,1,10.11,3,Blue,mid,Eika,Immortals,Orianna,Syndra,Yuumi,Kalista,Corki,Zoe,2089,0,1,2,3,8,16,0,0,0,0,1,0,1,0,0.2298,0.6893,13060,375.1077,0.257736,394.9258,300.3447,18,0.517,11,0.3159,11,42,1.2063,13316,8779,252.1494,0.266468,12725,346,316,30,30,0,9.9378,3521,4967,96,3441,4892,83,80,75,13,5875,8327,169,5617,8184,153,258,143,16
Summer,0,1,10.11,4,Blue,bot,Altec,Immortals,Aphelios,Syndra,Yuumi,Kalista,Corki,Zoe,2089,0,3,4,1,8,16,0,0,0,0,0,0,0,0,0.2298,0.6893,11780,338.3437,0.232476,301.6946,521.3882,18,0.517,13,0.3734,7,55,1.5797,13590,9053,260.0191,0.274785,13725,340,316,24,19,0,9.7654,3522,3398,86,3149,3164,81,373,234,5,5528,5503,139,5595,5105,130,-67,398,9
Summer,0,1,10.11,5,Blue,sup,Gate,Immortals,Braum,Syndra,Yuumi,Kalista,Corki,Zoe,2089,0,1,3,5,8,16,0,0,0,0,1,0,1,0,0.2298,0.6893,4273,122.7286,0.0843266,372.3217,546.2614,60,1.7233,8,0.2298,18,98,2.8147,7203,2666,76.5725,0.0809174,6450,28,28,0,0,0,0.8042,2199,2442,11,2014,2079,14,185,363,-3,3276,3752,16,2954,3171,16,322,581,0
Summer,0,1,10.12,1,Blue,top,sOAZ,Immortals,Ornn,Kalista,Yuumi,Syndra,Kindred,Azir,1828,0,1,5,1,3,23,0,0,0,0,0,0,0,1,0.0985,0.8534,13546,444.6171,0.264384,801.105,1167.8009,12,0.3939,6,0.1969,3,29,0.9519,9336,5331,174.9781,0.215969,8835,194,189,5,1,0,6.3676,2910,3949,54,3709,3652,66,-799,297,-12,4715,6301,93,5514,5644,100,-799,657,-7
Summer,0,1,10.12,2,Blue,jng,Potluck,Immortals,Trundle,Kalista,Yuumi,Syndra,Kindred,Azir,1828,0,0,2,2,3,23,0,0,0,0,0,0,0,0,0.0985,0.8534,4432,145.4705,0.0865017,745.6346,531.4004,8,0.2626,12,0.3939,9,42,1.3786,7591,3586,117.7024,0.145279,7500,130,29,101,67,8,4.267,2807,2520,45,3777,3002,49,-970,-482,-4,4182,4319,71,5596,4956,86,-1414,-637,-15
Summer,0,1,10.12,3,Blue,mid,Eika,Immortals,Orianna,Kalista,Yuumi,Syndra,Kindred,Azir,1828,0,2,4,0,3,23,0,0,0,0,0,0,0,0,0.0985,0.8534,15612,512.4289,0.304708,347.7243,334.4311,17,0.558,6,0.1969,8,29,0.9519,10696,6691,219.6171,0.271062,10200,266,257,9,5,0,8.7309,3432,4771,83,2961,4362,67,471,409,16,5467,7512,133,4685,6526,107,782,986,26
Summer,0,1,10.12,4,Blue,bot,Altec,Immortals,Ezreal,Kalista,Yuumi,Syndra,Kindred,Azir,1828,0,0,5,1,3,23,0,0,0,0,0,0,0,0,0.0985,0.8534,13993,459.2888,0.273109,421.4114,390.1313,12,0.3939,1,0.0328,3,21,0.6893,11205,7200,236.3239,0.291682,10925,286,282,4,4,0,9.3873,3600,3737,93,3459,3109,84,141,628,9,5331,5542,133,5562,5849,139,-231,-307,-6
Summer,0,1,10.12,5,Blue,sup,Gate,Immortals,Braum,Kalista,Yuumi,Syndra,Kindred,Azir,1828,0,0,7,2,3,23,0,0,0,0,0,0,0,0,0.0985,0.8534,3653,119.9015,0.0712975,477.9978,441.9584,41,1.3457,8,0.2626,16,68,2.2319,5881,1876,61.5755,0.0760077,5275,30,30,0,0,0,0.9847,2094,1766,11,2327,2653,15,-233,-887,-4,3004,2860,16,3616,3623,23,-612,-763,-7
Summer,0,1,10.13,6,Red,top,Allorim,Immortals,Malphite,Varus,Syndra,Twisted Fate,LeBlanc,Jayce,2589,0,2,3,6,9,13,0,0,0,0,1,1,0,0,0.2086,0.5098,16208,375.6199,0.210962,548.2966,1975.8053,25,0.5794,5,0.1159,14,50,1.1587,14852,9295,215.4114,0.223427,14450,301,294,7,0,0,6.9757,3053,4702,80,3578,4884,88,-525,-182,-8,5957,7312,126,6011,7657,138,-54,-345,-12
Summer,0,1,10.13,7,Red,jng,Xmithie,Immortals,Graves,Varus,Syndra,Twisted Fate,LeBlanc,Jayce,2589,0,1,5,3,9,13,0,0,0,0,1,0,1,0,0.2086,0.5098,12984,300.9038,0.168999,705.1217,491.4253,12,0.2781,49,1.1356,13,116,2.6883,13737,8180,189.5713,0.196625,13350,286,91,195,155,4,6.628,2752,2772,55,3088,3240,64,-336,-468,-9,4827,4064,77,4822,5256,93,5,-1192,-16
Summer,0,1,10.13,8,Red,mid,Insanity,Immortals,Orianna,Varus,Syndra,Twisted Fate,LeBlanc,Jayce,2589,0,5,2,2,9,13,0,0,0,0,1,0,1,0,0.2086,0.5098,17602,407.9258,0.229106,333.2793,269.1309,23,0.533,11,0.2549,9,47,1.0892,15453,9896,229.3395,0.237874,15075,323,268,55,39,0,7.4855,3326,4826,91,3361,5119,96,-35,-293,-5,5147,7504,139,5393,7788,151,-246,-284,-12
Summer,0,1,10.13,9,Red,bot,Apollo,Immortals,Ashe,Varus,Syndra,Twisted Fate,LeBlanc,Jayce,2589,0,1,1,6,9,13,0,0,0,0,1,0,1,0,0.2086,0.5098,21902,507.5782,0.285075,248.4125,122.248,25,0.5794,20,0.4635,13,80,1.854,16681,11124,257.7984,0.267392,15825,401,377,24,20,0,9.2932,3415,3280,91,3272,3688,87,143,-408,4,5394,5639,144,5701,6012,134,-307,-373,10
Summer,0,1,10.13,10,Red,sup,Hakuho,Immortals,Karma,Varus,Syndra,Twisted Fate,LeBlanc,Jayce,2589,0,0,2,5,9,13,0,0,0,0,1,0,1,0,0.2086,0.5098,8133,188.482,0.105858,233.7659,182.8042,105,2.4334,12,0.2781,24,147,3.4067,8664,3107,72.0046,0.0746815,7950,37,37,0,0,0,0.8575,2199,2619,14,2029,2355,13,170,264,1,3220,3846,22,3280,3786,20,-60,60,2
Summer,0,1,10.15,1,Blue,top,Allorim,Immortals,Sion,Kalista,Gangplank,Orianna,LeBlanc,Shen,2691,0,1,5,5,6,21,0,0,0,0,0,0,0,0,0.1338,0.602,9881,220.3122,0.119427,1058.6622,2014.136,20,0.4459,11,0.2453,7,48,1.0702,13848,8083,180.223,0.204607,13725,283,281,2,2,0,6.3099,3072,4455,75,3216,4568,86,-144,-113,-11,4878,7133,124,4877,7271,135,1,-138,-11
Summer,0,1,10.15,2,Blue,jng,Xmithie,Immortals,Olaf,Kalista,Gangplank,Orianna,LeBlanc,Shen,2691,0,4,4,1,6,21,1,0,0,0,0,0,0,0,0.1338,0.602,12593,280.7804,0.152205,1063.5674,885.4849,10,0.223,15,0.3344,11,55,1.2263,12971,7206,160.6689,0.182407,12475,208,53,155,92,32,4.6377,3417,3575,64,3013,3465,65,404,110,-1,5263,5211,92,4788,6187,107,475,-976,-15
Summer,0,1,10.15,3,Blue,mid,Insanity,Immortals,Azir,Kalista,Gangplank,Orianna,LeBlanc,Shen,2691,0,1,4,3,6,21,0,0,0,0,0,0,0,0,0.1338,0.602,25605,570.903,0.309475,410.7692,281.1817,24,0.5351,12,0.2676,11,54,1.204,15294,9529,212.4638,0.241211,15500,359,303,56,56,0,8.0045,3152,4204,80,3397,4719,93,-245,-515,-13,5299,7513,141,5631,7739,149,-332,-226,-8
Summer,0,1,10.15,4,Blue,bot,Apollo,Immortals,Caitlyn,Kalista,Gangplank,Orianna,LeBlanc,Shen,2691,0,0,3,2,6,21,0,0,0,0,0,0,0,1,0.1338,0.602,28797,642.0736,0.348055,339.019,172.9766,21,0.4682,27,0.602,8,88,1.9621,17068,11303,252.0178,0.286118,17330,380,332,48,35,0,8.4727,3292,3025,84,3196,3172,75,96,-147,9,6032,4743,127,5169,5232,123,863,-489,4
Summer,0,1,10.15,5,Blue,sup,Hakuho,Immortals,Morgana,Kalista,Gangplank,Orianna,LeBlanc,Shen,2691,0,0,5,4,6,21,0,0,0,0,0,0,0,0,0.1338,0.602,5861,130.68,0.0708389,371.4604,210.7469,74,1.6499,12,0.2676,28,114,2.5418,9149,3384,75.4515,0.0856566,8725,38,34,4,0,0,0.8473,2181,2734,13,2469,2531,11,-288,203,2,3710,3607,21,3584,3753,22,126,-146,-1
Summer,0,1,10.14,6,Red,top,Allorim,Immortals,Ornn,Karma,Olaf,Volibear,Nidalee,Lee Sin,2305,0,2,5,4,12,14,0,0,0,0,0,0,0,0,0.3124,0.6768,11415,297.1367,0.15984,797.8568,1253.5184,18,0.4685,4,0.1041,7,33,0.859,13494,8516,221.6746,0.22374,13675,295,285,10,3,2,7.679,4134,5047,87,3323,4441,89,811,606,-2,5613,7103,125,5833,7842,148,-220,-739,-23
Summer,0,1,10.14,7,Red,jng,Xmithie,Immortals,Trundle,Karma,Olaf,Volibear,Nidalee,Lee Sin,2305,0,2,3,6,12,14,0,0,0,0,0,0,0,0,0.3124,0.6768,6762,176.0174,0.094686,1125.8395,1053.5011,13,0.3384,13,0.3384,11,55,1.4317,11425,6447,167.8178,0.169382,11025,191,40,151,118,6,4.9718,3770,3330,58,3227,2886,58,543,444,0,5454,5305,94,4767,4556,83,687,749,11
Summer,0,1,10.14,8,Red,mid,Insanity,Immortals,Karthus,Karma,Olaf,Volibear,Nidalee,Lee Sin,2305,0,7,2,4,12,14,2,2,0,0,0,0,0,0,0.3124,0.6768,33541,873.0846,0.469663,570.9761,314.603,18,0.4685,3,0.0781,5,24,0.6247,16468,11490,299.0889,0.301873,16275,343,308,35,29,0,8.9284,3398,4954,95,3860,4851,98,-462,103,-3,5696,7737,150,6080,7834,152,-384,-97,-2
Summer,0,1,10.14,9,Red,bot,Apollo,Immortals,Ashe,Karma,Olaf,Volibear,Nidalee,Lee Sin,2305,0,1,3,9,12,14,0,0,0,0,0,0,0,1,0.3124,0.6768,11804,307.2625,0.165287,353.0759,181.3275,18,0.4685,18,0.4685,7,55,1.4317,13691,8713,226.8026,0.228915,12855,306,294,12,11,0,7.9653,3016,2785,69,3892,3607,86,-876,-822,-17,5035,4902,114,6157,6177,134,-1122,-1275,-20
Summer,0,1,10.14,10,Red,sup,Hakuho,Immortals,Morgana,Karma,Olaf,Volibear,Nidalee,Lee Sin,2305,0,0,1,10,12,14,0,0,0,0,0,0,0,0,0.3124,0.6768,7893,205.4577,0.110523,349.3536,174.2993,48,1.2495,23,0.5987,18,109,2.8373,7874,2896,75.3839,0.0760896,7150,48,48,0,0,0,1.2495,2055,2025,13,2262,2648,16,-207,-623,-3,3207,3086,25,3553,3675,22,-346,-589,3
Summer,0,1,10.15,6,Red,top,Allorim,Immortals,Ornn,Sett,Volibear,Caitlyn,Gangplank,Kalista,2153,0,1,4,2,6,15,0,0,0,0,0,0,0,0,0.1672,0.5852,13839,385.6665,0.209768,991.4073,1455.6619,15,0.418,3,0.0836,5,24,0.6688,11140,6472,180.3623,0.182717,10575,254,246,8,1,0,7.0785,3066,4463,78,3998,4896,82,-932,-433,-4,4902,7695,127,5295,6678,113,-393,1017,14
Summer,0,1,10.15,7,Red,jng,Xmithie,Immortals,Nidalee,Sett,Volibear,Caitlyn,Gangplank,Kalista,2153,0,2,3,2,6,15,0,0,0,0,0,0,0,0,0.1672,0.5852,11401,317.7241,0.172813,851.3702,506.5583,12,0.3344,17,0.4738,10,53,1.477,11643,6975,194.3799,0.196917,10800,233,32,201,150,13,6.4933,3389,3879,78,3820,3867,76,-431,12,2,5438,6301,108,5280,5869,116,158,432,-8
Summer,0,1,10.15,8,Red,mid,Insanity,Immortals,Twisted Fate,Sett,Volibear,Caitlyn,Gangplank,Kalista,2153,0,2,2,3,6,15,0,0,0,0,1,1,0,0,0.1672,0.5852,12259,341.6349,0.185818,507.7288,331.5467,7,0.1951,11,0.3065,4,29,0.8082,14143,9475,264.0502,0.267494,12950,321,309,12,9,0,8.9457,4119,5034,96,3731,5135,102,388,-101,-6,6450,8278,158,5917,8130,167,533,148,-9
Summer,0,1,10.15,9,Red,bot,Apollo,Immortals,Ezreal,Sett,Volibear,Caitlyn,Gangplank,Kalista,2153,0,1,3,3,6,15,0,0,0,0,1,0,1,0,0.1672,0.5852,24117,672.0948,0.365559,500.9011,237.7148,16,0.4459,8,0.2229,5,37,1.0311,14474,9806,273.2745,0.276838,14458,337,333,4,4,0,9.3915,3624,3326,89,3300,3307,88,324,19,1,5698,5898,145,4940,5174,133,758,724,12
Summer,0,1,10.15,10,Red,sup,Hakuho,Immortals,Braum,Sett,Volibear,Caitlyn,Gangplank,Kalista,2153,0,0,3,3,6,15,0,0,0,0,1,0,1,0,0.1672,0.5852,4357,121.4213,0.0660422,419.0525,432.5685,56,1.5606,16,0.4459,21,85,2.3688,7361,2693,75.0488,0.0760332,7025,43,43,0,0,0,1.1983,2328,2640,14,2041,2301,10,287,339,4,3398,3517,23,3072,3567,18,326,-50,5
