split,playoffs,game,patch,playerid,side,position,player,team,champion,ban1,ban2,ban3,ban4,ban5,gamelength,result,kills,deaths,assists,teamkills,teamdeaths,doublekills,triplekills,quadrakills,pentakills,firstblood,firstbloodkill,firstbloodassist,firstbloodvictim,team kpm,ckpm,damagetochampions,dpm,damageshare,damagetakenperminute,damagemitigatedperminute,wardsplaced,wpm,wardskilled,wcpm,controlwardsbought,visionscore,vspm,totalgold,earnedgold,earned gpm,earnedgoldshare,goldspent,total cs,minionkills,monsterkills,monsterkillsownjungle,monsterkillsenemyjungle,cspm,goldat10,xpat10,csat10,opp_goldat10,opp_xpat10,opp_csat10,golddiffat10,xpdiffat10,csdiffat10,goldat15,xpat15,csat15,opp_goldat15,opp_csat15,golddiffat15,xpdiffat15,csdiffat15
Summer,0,1,10.12,6,Red,top,Impact,Team Liquid,Mordekaiser,Graves,Varus,Yuumi,Blitzcrank,Morgana,1696,0,1,4,0,3,9,0,0,0,0,0,0,0,0,0.1061,0.4245,9903,350.342,0.281727,580.0118,731.1439,13,0.4599,4,0.1415,5,23,0.8137,8135,4400,155.6604,0.199185,7470,182,178,4,1,0,6.4387,2634,3772,55,3928,4728,85,-1294,-956,-30,4132,6335,97,5448,120,-1316,-506,-23
Summer,0,1,10.12,7,Red,jng,Broxah,Team Liquid,Trundle,Graves,Varus,Yuumi,Blitzcrank,Morgana,1696,0,0,2,1,3,9,0,0,0,0,1,0,1,0,0.1061,0.4245,3919,138.6439,0.11149,910.2948,630.1415,7,0.2476,5,0.1769,7,33,1.1675,6735,3000,106.1321,0.135802,6345,120,9,111,88,0,4.2453,2791,2977,53,3145,3302,59,-354,-325,-6,3839,4116,70,5475,92,-1636,-1468,-22
Summer,0,1,10.12,8,Red,mid,Jensen,Team Liquid,Cassiopeia,Graves,Varus,Yuumi,Blitzcrank,Morgana,1696,0,0,1,1,3,9,0,0,0,0,0,0,0,0,0.1061,0.4245,3945,139.5637,0.11223,442.0401,255.1769,9,0.3184,5,0.1769,5,22,0.7783,9874,6139,217.1816,0.277916,8610,276,260,16,16,0,9.7642,3428,5087,96,3644,4189,74,-216,898,22,5107,7612,145,6616,129,-1509,311,16
Summer,0,1,10.12,9,Red,bot,Tactical,Team Liquid,Ezreal,Graves,Varus,Yuumi,Blitzcrank,Morgana,1696,0,1,1,1,3,9,0,0,0,0,1,1,0,0,0.1061,0.4245,14732,521.1792,0.419106,354.3396,282.0637,12,0.4245,3,0.1061,4,24,0.8491,9778,6043,213.7854,0.27357,8850,257,245,12,4,4,9.092,3862,3426,95,3421,3107,85,441,319,10,5493,5889,143,5339,141,154,334,2
Summer,0,1,10.12,10,Red,sup,CoreJJ,Team Liquid,Thresh,Graves,Varus,Yuumi,Blitzcrank,Morgana,1696,0,1,1,1,3,9,0,0,0,0,1,0,1,0,0.1061,0.4245,2652,93.8208,0.0754459,290.6958,228.5377,37,1.309,15,0.5307,12,80,2.8302,6243,2508,88.7264,0.113527,5300,35,35,0,0,0,1.2382,2179,2739,14,2119,2670,13,60,69,1,3122,3351,19,3383,21,-261,-1004,-2
Spring,0,1,10.04,1,Blue,top,Impact,Team Liquid,Sett,Xayah,Senna,Syndra,Aatrox,Irelia,1805,1,5,1,5,13,1,1,0,0,0,1,1,0,0,0.4321,0.4654,13167,437.6842,0.188052,737.1191,998.9917,13,0.4321,4,0.133,4,19,0.6316,13015,9057,301.0637,0.25131,10608,233,229,4,4,0,7.7452,3714,4857,90,2742,4021,64,972,836,26,5133,6658,123,4204,101,929,71,22
Spring,0,1,10.04,2,Blue,jng,Broxah,Team Liquid,Gragas,Xayah,Senna,Syndra,Aatrox,Irelia,1805,1,1,0,5,13,1,0,0,0,0,1,0,1,0,0.4321,0.4654,6879,228.6648,0.0982462,479.4349,329.0526,22,0.7313,11,0.3657,9,55,1.8283,9686,5728,190.4044,0.15894,8575,156,24,132,76,9,5.1856,3245,3218,62,2965,3030,63,280,188,-1,4745,5026,90,4223,92,522,371,-2
Spring,0,1,10.04,3,Blue,mid,Jensen,Team Liquid,Zoe,Xayah,Senna,Syndra,Aatrox,Irelia,1805,1,4,0,5,13,1,0,0,0,0,0,0,0,0,0.4321,0.4654,24980,830.3601,0.356765,159.5235,79.9446,12,0.3989,7,0.2327,5,30,0.9972,12839,8881,295.2133,0.246426,11225,282,258,24,16,8,9.374,3614,5232,102,3331,4888,91,283,344,11,5849,7886,156,4768,133,1081,767,23
Spring,0,1,10.04,4,Blue,bot,Tactical,Team Liquid,Miss Fortune,Xayah,Senna,Syndra,Aatrox,Irelia,1805,1,3,0,5,13,1,1,1,0,0,0,0,0,0,0.4321,0.4654,20046,666.349,0.286298,160.0222,347.3019,14,0.4654,11,0.3657,5,42,1.3961,13345,9387,312.0332,0.260466,12425,302,279,23,16,5,10.0388,3209,2979,85,3440,3303,97,-231,-324,-12,5783,5420,146,4910,143,873,99,3
Spring,0,1,10.04,5,Blue,sup,CoreJJ,Team Liquid,Braum,Xayah,Senna,Syndra,Aatrox,Irelia,1805,1,0,0,9,13,1,0,0,0,0,0,0,0,0,0.4321,0.4654,4946,164.41,0.070639,270.9806,310.6371,40,1.3296,9,0.2992,9,74,2.4598,6944,2986,99.2576,0.0828579,5975,30,30,0,0,0,0.9972,2053,2708,11,2061,2644,11,-8,64,0,3049,3980,18,2996,22,53,463,-4
Summer,0,1,10.12,6,Red,top,Impact,Team Liquid,Jayce,Volibear,Varus,Yuumi,LeBlanc,Orianna,2776,1,3,4,2,10,9,1,0,0,0,0,0,0,0,0.2161,0.4107,30957,669.0994,0.487443,453.1988,359.6542,22,0.4755,7,0.1513,6,44,0.951,19850,13911,300.67,0.240624,17175,439,406,33,8,14,9.4885,3990,4759,85,3390,4602,78,600,157,7,5948,7767,137,5094,130,854,477,7
Summer,0,1,10.12,7,Red,jng,Broxah,Team Liquid,Lee Sin,Volibear,Varus,Yuumi,LeBlanc,Orianna,2776,1,2,2,4,10,9,0,0,0,0,0,0,0,0,0.2161,0.4107,5337,115.353,0.0840353,632.2046,957.6657,24,0.5187,20,0.4323,17,76,1.6427,15296,9357,202.2406,0.161853,14600,279,39,240,135,29,6.0303,3131,3182,56,3131,3620,71,0,-438,-15,5337,5524,94,5021,106,316,-3,-12
Summer,0,1,10.12,8,Red,mid,Jensen,Team Liquid,Twisted Fate,Volibear,Varus,Yuumi,LeBlanc,Orianna,2776,1,1,0,6,10,9,0,0,0,0,0,0,0,0,0.2161,0.4107,12146,262.5216,0.191248,293.0836,181.8156,15,0.3242,10,0.2161,6,62,1.3401,20650,14711,317.9611,0.254461,20750,425,378,47,31,4,9.1859,3703,4813,91,3487,4468,89,216,345,2,6277,8013,147,5782,142,495,672,5
Summer,0,1,10.12,9,Red,bot,Tactical,Team Liquid,Cassiopeia,Volibear,Varus,Yuumi,LeBlanc,Orianna,2776,1,4,2,2,10,9,0,0,0,0,0,0,0,1,0.2161,0.4107,10515,227.2695,0.165567,453.3285,276.4625,22,0.4755,8,0.1729,6,46,0.9942,21147,15208,328.7032,0.263058,21690,460,435,25,14,11,9.9424,3199,3225,79,3591,3129,81,-392,96,-2,5934,5921,126,5737,124,197,415,2
Summer,0,1,10.12,10,Red,sup,CoreJJ,Team Liquid,Blitzcrank,Volibear,Varus,Yuumi,LeBlanc,Orianna,2776,1,0,1,5,10,9,0,0,0,0,0,0,0,0,0.2161,0.4107,4554,98.4294,0.0717064,239.2651,308.6239,70,1.513,23,0.4971,19,142,3.0692,10564,4625,99.964,0.0800044,9425,50,50,0,0,0,1.0807,2191,2527,19,2286,2705,17,-95,-178,2,3592,4106,25,3310,23,282,665,2
Summer,0,1,10.13,1,Blue,top,Impact,Team Liquid,Shen,Gangplank,Volibear,Wukong,LeBlanc,Bard,2283,1,7,0,2,10,5,1,0,0,0,1,1,0,0,0.2628,0.3942,17407,457.477,0.224993,544.2838,1097.7661,21,0.5519,4,0.1051,8,41,1.0775,18105,13172,346.1761,0.27546,15700,384,360,24,4,20,10.092,3548,5098,79,3013,4945,72,535,153,7,6254,8100,138,4469,113,1785,783,25
Summer,0,1,10.13,2,Blue,jng,Broxah,Team Liquid,Lee Sin,Gangplank,Volibear,Wukong,LeBlanc,Bard,2283,1,0,1,7,10,5,0,0,0,0,1,0,1,0,0.2628,0.3942,4304,113.1143,0.055631,738.3706,998.8962,19,0.4993,15,0.3942,12,67,1.7608,11930,6997,183.8896,0.146326,11075,208,30,178,103,16,5.4665,3007,3196,60,2989,3017,58,18,179,2,4683,5096,92,4495,93,188,210,-1
Summer,0,1,10.13,3,Blue,mid,Jensen,Team Liquid,Azir,Gangplank,Volibear,Wukong,LeBlanc,Bard,2283,1,3,0,5,10,5,1,0,0,0,1,0,1,0,0.2628,0.3942,22217,583.8896,0.287164,370.8279,227.8055,17,0.4468,16,0.4205,7,61,1.6032,17763,12830,337.1879,0.268308,14975,390,350,40,17,9,10.2497,3546,5162,96,3407,4860,95,139,302,1,5553,7943,149,4963,143,590,850,6
Summer,0,1,10.13,4,Blue,bot,Tactical,Team Liquid,Varus,Gangplank,Volibear,Wukong,LeBlanc,Bard,2283,1,0,2,7,10,5,0,0,0,0,0,0,0,0,0.2628,0.3942,29860,784.7569,0.385953,426.9382,207.1222,17,0.4468,23,0.6045,4,60,1.5769,16127,11194,294.1919,0.234096,14500,363,344,19,8,4,9.5401,3107,2822,80,3658,3282,100,-551,-460,-20,5880,5200,139,5318,146,562,-36,-7
Summer,0,1,10.13,5,Blue,sup,CoreJJ,Team Liquid,Tahm Kench,Gangplank,Volibear,Wukong,LeBlanc,Bard,2283,1,0,2,5,10,5,0,0,0,0,0,0,0,0,0.2628,0.3942,3579,94.0604,0.04626,501.8922,464.2838,58,1.5243,7,0.184,19,99,2.6018,8558,3625,95.2694,0.0758093,7775,32,32,0,0,0,0.841,2084,2942,12,2153,2989,2,-69,-47,10,3427,4011,20,3054,5,373,-203,15
Spring,0,1,10.05,1,Blue,top,Impact,Team Liquid,Mordekaiser,Senna,Yuumi,Xayah,Gragas,Pantheon,2197,0,2,3,1,4,13,0,0,0,0,0,0,0,1,0.1092,0.4643,19246,525.6076,0.435322,640.3095,883.7506,16,0.437,3,0.0819,6,31,0.8466,12880,8123,221.8389,0.235547,12425,264,246,18,11,0,7.2098,2631,4377,62,3497,4746,81,-866,-369,-19,4583,6575,94,5639,119,-1056,-403,-25
Spring,0,1,10.05,2,Blue,jng,Broxah,Team Liquid,Trundle,Senna,Yuumi,Xayah,Gragas,Pantheon,2197,0,1,3,1,4,13,0,0,0,0,0,0,0,0,0.1092,0.4643,3092,84.4424,0.0699373,869.2763,813.5913,12,0.3277,19,0.5189,13,47,1.2836,9317,4560,124.5335,0.132223,8525,170,53,117,87,4,4.6427,3265,3564,64,3110,3088,52,155,476,12,4665,5201,92,4498,66,167,424,26
Spring,0,1,10.05,3,Blue,mid,Jensen,Team Liquid,Cassiopeia,Senna,Yuumi,Xayah,Gragas,Pantheon,2197,0,0,3,2,4,13,0,0,0,0,0,0,0,0,0.1092,0.4643,7315,199.7724,0.165457,631.4884,295.9854,11,0.3004,6,0.1639,6,22,0.6008,12705,7948,217.0596,0.230472,10925,317,291,26,26,0,8.6573,3464,4498,91,3561,5167,86,-97,-669,5,4822,6301,124,5878,141,-1056,-1858,-17
Spring,0,1,10.05,4,Blue,bot,Doublelift,Team Liquid,Varus,Senna,Yuumi,Xayah,Gragas,Pantheon,2197,0,1,2,1,4,13,0,0,0,0,0,0,0,0,0.1092,0.4643,11958,326.5726,0.270476,294.9203,494.6381,13,0.355,12,0.3277,4,41,1.1197,16674,11917,325.4529,0.345571,14775,441,411,30,20,0,12.0437,3422,3127,95,3367,3297,92,55,-170,3,5721,5493,149,4819,127,902,575,22
Spring,0,1,10.05,5,Blue,sup,CoreJJ,Team Liquid,Braum,Senna,Yuumi,Xayah,Gragas,Pantheon,2197,0,0,2,1,4,13,0,0,0,0,0,0,0,0,0.1092,0.4643,2600,71.0059,0.0588089,463.8052,646.3996,50,1.3655,13,0.355,13,97,2.6491,6695,1938,52.9267,0.0561867,6275,33,33,0,0,0,0.9012,2062,2706,11,2025,2599,12,37,107,-1,3226,3649,20,3055,21,171,-148,-1
Spring,0,1,10.05,6,Red,top,Impact,Team Liquid,Gangplank,Senna,Aphelios,Pantheon,Rek'Sai,Sejuani,2519,1,3,0,10,18,2,0,0,0,0,1,0,1,0,0.4287,0.4764,32401,771.7586,0.3625,736.5542,627.4633,20,0.4764,5,0.1191,5,44,1.048,18367,12953,308.5272,0.257103,18083,353,351,2,0,1,8.4081,3491,4652,77,2935,4474,71,556,178,6,5546,7245,119,4648,123,898,-220,-4
Spring,0,1,10.05,7,Red,jng,Broxah,Team Liquid,Gragas,Senna,Aphelios,Pantheon,Rek'Sai,Sejuani,2519,1,4,0,10,18,2,0,0,0,0,1,1,0,0,0.4287,0.4764,10924,260.1985,0.122217,806.582,573.156,35,0.8337,10,0.2382,19,67,1.5959,13112,7698,183.3585,0.152794,11850,173,28,145,101,11,4.1207,2993,2797,43,2815,3414,59,178,-617,-16,4568,4531,72,4369,89,199,-763,-17
Spring,0,1,10.05,8,Red,mid,Jensen,Team Liquid,Zoe,Senna,Aphelios,Pantheon,Rek'Sai,Sejuani,2519,1,6,2,9,18,2,1,0,0,0,0,0,0,0,0.4287,0.4764,29744,708.4716,0.332774,437.2211,243.7158,14,0.3335,12,0.2858,4,36,0.8575,16071,10657,253.8388,0.211529,14650,308,278,30,20,9,7.3362,3025,4433,79,3119,4116,82,-94,317,-3,4959,7186,127,5080,135,-121,678,-8
Spring,0,1,10.05,9,Red,bot,Doublelift,Team Liquid,Xayah,Senna,Aphelios,Pantheon,Rek'Sai,Sejuani,2519,1,5,0,4,18,2,1,0,0,0,0,0,0,0,0.4287,0.4764,11844,282.1119,0.13251,422.3819,435.1012,17,0.4049,26,0.6193,3,66,1.5721,20084,14670,349.4244,0.291184,17770,479,390,89,48,20,11.4093,3189,3227,82,3318,3343,91,-129,-116,-9,4895,5515,132,5249,146,-354,-65,-14
Spring,0,1,10.05,10,Red,sup,CoreJJ,Team Liquid,Rakan,Senna,Aphelios,Pantheon,Rek'Sai,Sejuani,2519,1,0,0,16,18,2,0,0,0,0,0,0,0,0,0.4287,0.4764,4469,106.447,0.0499989,240.7384,419.1425,72,1.715,35,0.8337,19,138,3.287,9817,4403,104.875,0.08739,8325,60,60,0,0,0,1.4291,2079,2621,14,2146,2385,17,-67,236,-3,3275,4232,29,3201,26,74,806,3
Summer,0,1,10.14,6,Red,top,Impact,Team Liquid,Ornn,Olaf,Nidalee,Twisted Fate,Kayle,Camille,2125,1,1,3,5,12,5,0,0,0,0,0,0,0,0,0.3388,0.48,9197,259.68,0.132562,889.4965,1316.0753,20,0.5647,2,0.0565,9,32,0.9035,11512,6901,194.8518,0.170199,10825,228,225,3,1,1,6.4376,3020,4310,61,3074,4326,61,-54,-16,0,4748,6792,106,4770,114,-22,-121,-8
Summer,0,1,10.14,7,Red,jng,Broxah,Team Liquid,Graves,Olaf,Nidalee,Twisted Fate,Kayle,Camille,2125,1,1,0,2,12,5,0,0,0,0,0,0,0,0,0.3388,0.48,5683,160.4612,0.0819124,516.4235,456.7624,9,0.2541,15,0.4235,10,54,1.5247,12455,7844,221.4776,0.193455,11225,253,52,201,127,29,7.1435,3039,3154,62,3633,3699,63,-594,-545,-1,4591,5218,96,5337,94,-746,-258,2
Summer,0,1,10.14,8,Red,mid,Jensen,Team Liquid,Zoe,Olaf,Nidalee,Twisted Fate,Kayle,Camille,2125,1,6,2,4,12,5,1,0,0,0,0,0,0,1,0.3388,0.48,22593,637.92,0.325646,405.3741,197.2235,11,0.3106,0,0,3,14,0.3953,15068,10457,295.2565,0.257895,14275,311,285,26,21,2,8.7812,3414,4769,95,3869,4518,83,-455,251,12,5187,7527,148,5912,145,-725,93,3
Summer,0,1,10.14,9,Red,bot,Tactical,Team Liquid,Ezreal,Olaf,Nidalee,Twisted Fate,Kayle,Camille,2125,1,3,0,5,12,5,0,0,0,0,0,0,0,0,0.3388,0.48,25940,732.4235,0.373888,558.8047,765.6,21,0.5929,12,0.3388,9,42,1.1859,15923,11312,319.3976,0.278981,15275,345,325,20,20,0,9.7412,3307,3682,87,3618,3558,99,-311,124,-12,5542,6473,145,5659,143,-117,893,2
Summer,0,1,10.14,10,Red,sup,CoreJJ,Team Liquid,Bard,Olaf,Nidalee,Twisted Fate,Kayle,Camille,2125,1,1,0,7,12,5,0,0,0,0,0,0,0,0,0.3388,0.48,5966,168.4518,0.0859914,289.7788,162.6635,86,2.4282,27,0.7624,14,172,4.8565,8644,4033,113.8729,0.0994698,7425,56,52,4,0,0,1.5812,2182,2328,17,2099,2583,17,83,-255,0,3275,3626,24,3505,32,-230,-354,-8
Spring,0,1,10.06,6,Red,top,Impact,Team Liquid,Renekton,Senna,Pantheon,Sett,Olaf,Elise,2111,0,1,4,1,6,12,0,0,0,0,0,0,0,1,0.1705,0.5116,6884,195.6608,0.155434,691.9469,640.8716,21,0.5969,6,0.1705,9,40,1.1369,11785,7203,204.7276,0.21945,11725,278,269,9,5,0,7.9015,2958,4222,69,3897,5107,89,-939,-885,-20,4645,7064,119,5840,141,-1195,-836,-22
Spring,0,1,10.06,7,Red,jng,Broxah,Team Liquid,Rek'Sai,Senna,Pantheon,Sett,Olaf,Elise,2111,0,1,2,4,6,12,0,0,0,0,0,0,0,0,0.1705,0.5116,4519,128.4415,0.102034,722.4728,438.361,16,0.4548,10,0.2842,16,42,1.1937,9414,4832,137.3378,0.147214,9025,164,10,154,104,8,4.6613,2780,2651,53,3172,2830,55,-392,-179,-2,4219,4642,88,4886,82,-667,192,6
Spring,0,1,10.06,8,Red,mid,Jensen,Team Liquid,Zoe,Senna,Pantheon,Sett,Olaf,Elise,2111,0,2,1,3,6,12,0,0,0,0,0,0,0,0,0.1705,0.5116,17209,489.1236,0.388561,336.9493,180.3411,14,0.3979,2,0.0568,5,24,0.6821,12835,8253,234.5713,0.25144,12075,309,293,16,16,0,8.7826,3396,4959,93,3380,4668,93,16,291,0,5265,7825,149,5518,141,-253,662,8
Spring,0,1,10.06,9,Red,bot,Doublelift,Team Liquid,Kalista,Senna,Pantheon,Sett,Olaf,Elise,2111,0,2,3,3,6,12,0,0,0,0,0,0,0,0,0.1705,0.5116,13598,386.4898,0.307029,440.1516,372.4775,16,0.4548,14,0.3979,5,46,1.3074,14466,9884,280.9285,0.301131,14275,338,312,26,22,3,9.6068,3335,3221,93,2961,2943,77,374,278,16,5160,5499,152,4827,131,333,-178,21
Spring,0,1,10.06,10,Red,sup,CoreJJ,Team Liquid,Taric,Senna,Pantheon,Sett,Olaf,Elise,2111,0,0,2,6,6,12,0,0,0,0,0,0,0,0,0.1705,0.5116,2079,59.0905,0.0469417,383.5907,434.1544,49,1.3927,17,0.4832,13,108,3.0696,7233,2651,75.3482,0.0807658,6875,42,42,0,0,0,1.1937,2121,2881,17,2205,2912,20,-84,-31,-3,3171,4224,26,3413,30,-242,617,-4
Spring,0,1,10.02,6,Red,top,Impact,Team Liquid,Gangplank,Akali,Sett,Lucian,Qiyana,Braum,2508,0,1,4,2,5,13,0,0,0,0,0,0,0,0,0.1196,0.4306,26377,631.0287,0.366429,639.1866,497.488,16,0.3828,2,0.0478,2,20,0.4785,17838,12446,297.7512,0.313967,16783,392,388,4,4,0,9.378,3164,4944,76,2857,4825,64,307,119,12,4975,7744,126,5097,113,-122,-56,13
Spring,0,1,10.02,7,Red,jng,Shernfire,Team Liquid,Lee Sin,Akali,Sett,Lucian,Qiyana,Braum,2508,0,1,4,1,5,13,0,0,0,0,0,0,0,1,0.1196,0.4306,6293,150.5502,0.0874222,739.9522,670.4785,30,0.7177,12,0.2871,15,50,1.1962,10325,4933,118.0144,0.124443,9600,158,41,117,89,0,3.7799,2541,2154,42,3318,2498,47,-777,-344,-5,3823,3520,66,4802,77,-979,-1077,-11
Spring,0,1,10.02,8,Red,mid,Jensen,Team Liquid,Syndra,Akali,Sett,Lucian,Qiyana,Braum,2508,0,1,1,2,5,13,0,0,0,0,0,0,0,0,0.1196,0.4306,19891,475.8612,0.276325,281.0766,155.8612,15,0.3589,6,0.1435,10,31,0.7416,14576,9184,219.7129,0.231679,14250,360,331,29,14,8,8.6124,3273,5012,90,3163,4955,88,110,57,2,5114,7773,146,5972,150,-858,-449,-4
Spring,0,1,10.02,9,Red,bot,Doublelift,Team Liquid,Senna,Akali,Sett,Lucian,Qiyana,Braum,2508,0,1,1,3,5,13,0,0,0,0,0,0,0,0,0.1196,0.4306,17094,408.9474,0.237469,336.1722,229.0191,14,0.3349,13,0.311,4,35,0.8373,15101,9709,232.2727,0.244923,14000,353,342,11,10,0,8.445,3314,3674,88,3598,3075,84,-284,599,4,5327,5946,146,5603,146,-276,578,0
Spring,0,1,10.02,10,Red,sup,CoreJJ,Team Liquid,Tahm Kench,Akali,Sett,Lucian,Qiyana,Braum,2508,0,1,3,2,5,13,0,0,0,0,0,0,0,0,0.1196,0.4306,2329,55.7177,0.0323544,548.0622,640.7416,52,1.244,14,0.3349,18,86,2.0574,8761,3369,80.5981,0.0849889,7100,42,42,0,0,0,1.0048,1953,1859,11,2310,2067,15,-357,-208,-4,2984,3352,18,3477,24,-493,-460,-6
Spring,0,1,10.02,1,Blue,top,Impact,Team Liquid,Kennen,Lucian,Soraka,Sett,Syndra,Mordekaiser,1822,0,0,2,4,7,12,0,0,0,0,0,0,0,0,0.2305,0.6257,12423,409.0999,0.31593,460.8342,307.5741,13,0.4281,5,0.1647,5,29,0.955,9641,5649,186.0263,0.200156,9725,239,235,4,0,0,7.8705,3282,4983,89,3111,4583,79,171,400,10,4848,7741,135,5026,138,-178,-47,-3
Spring,0,1,10.02,2,Blue,jng,Shernfire,Team Liquid,Jarvan IV,Lucian,Soraka,Sett,Syndra,Mordekaiser,1822,0,5,3,2,7,12,1,0,0,0,0,0,0,0,0.2305,0.6257,7021,231.2075,0.178551,732.4149,686.4105,9,0.2964,10,0.3293,8,27,0.8891,9944,5952,196.0044,0.210893,9075,162,22,140,102,8,5.3348,3149,2955,57,3012,3052,59,137,-97,-2,4758,4898,89,5135,102,-377,-585,-13
Spring,0,1,10.02,3,Blue,mid,Jensen,Team Liquid,Rumble,Lucian,Soraka,Sett,Syndra,Mordekaiser,1822,0,0,2,5,7,12,0,0,0,0,0,0,0,0,0.2305,0.6257,7213,237.5302,0.183434,593.9407,567.6619,12,0.3952,2,0.0659,8,26,0.8562,10763,6771,222.9748,0.239914,10200,262,256,6,6,0,8.6279,3361,4944,83,3188,4657,85,173,287,-2,4924,7145,127,4296,109,628,1207,18
Spring,0,1,10.02,4,Blue,bot,Doublelift,Team Liquid,Senna,Lucian,Soraka,Sett,Syndra,Mordekaiser,1822,0,2,3,4,7,12,0,0,0,0,0,0,0,1,0.2305,0.6257,9094,299.4731,0.23127,472.9199,266.8716,9,0.2964,6,0.1976,4,32,1.0538,11300,7308,240.6586,0.258943,9850,251,245,6,6,0,8.2656,3015,2965,73,3613,3481,97,-598,-516,-24,5063,5307,120,6765,149,-1702,-890,-29
Spring,0,1,10.02,5,Blue,sup,CoreJJ,Team Liquid,Galio,Lucian,Soraka,Sett,Syndra,Mordekaiser,1822,0,0,2,6,7,12,0,0,0,0,0,0,0,0,0.2305,0.6257,3571,117.596,0.0908143,411.0428,463.831,35,1.1526,9,0.2964,10,69,2.2722,6535,2543,83.7431,0.0900945,6450,64,64,0,0,0,2.1076,2104,2878,19,2395,2851,10,-291,27,9,3232,4463,32,3696,19,-464,400,13
Spring,0,1,10.01,6,Red,top,Impact,Team Liquid,Mordekaiser,Akali,Qiyana,Rumble,Zoe,LeBlanc,1474,0,1,2,1,3,9,0,0,0,0,1,0,1,0,0.1221,0.4885,7258,295.441,0.297947,465.6309,452.8494,9,0.3664,1,0.0407,2,19,0.7734,7559,4276,174.057,0.21317,6685,162,162,0,0,0,6.5943,3012,4420,76,3323,4983,86,-311,-563,-10,4681,6176,102,5193,125,-512,-1842,-23
Spring,0,1,10.01,7,Red,jng,Shernfire,Team Liquid,Jarvan IV,Akali,Qiyana,Rumble,Zoe,LeBlanc,1474,0,1,2,2,3,9,0,0,0,0,1,0,1,0,0.1221,0.4885,3853,156.8385,0.158169,793.3921,512.8901,6,0.2442,7,0.2849,5,25,1.0176,7330,4047,164.7354,0.201755,6600,138,17,121,99,0,5.6174,3025,2927,61,2801,2882,55,224,45,6,4790,4787,91,4189,78,601,227,13
Spring,0,1,10.01,8,Red,mid,Jensen,Team Liquid,Azir,Akali,Qiyana,Rumble,Zoe,LeBlanc,1474,0,0,3,1,3,9,0,0,0,0,0,0,0,0,0.1221,0.4885,6585,268.0461,0.27032,416.0109,202.3474,8,0.3256,3,0.1221,4,13,0.5292,8174,4891,199.0909,0.243826,7825,206,195,11,11,0,8.3853,3450,5002,92,3142,4568,79,308,434,13,5020,7257,136,5414,124,-394,186,12
Spring,0,1,10.01,9,Red,bot,Doublelift,Team Liquid,Senna,Akali,Qiyana,Rumble,Zoe,LeBlanc,1474,0,0,1,2,3,9,0,0,0,0,1,0,1,0,0.1221,0.4885,5694,231.7775,0.233744,300.9362,141.5332,10,0.4071,3,0.1221,5,17,0.692,8151,4868,198.1547,0.242679,8025,204,204,0,0,0,8.3039,3276,3133,86,3396,3524,95,-120,-391,-9,4922,5213,127,5068,140,-146,-448,-13
Spring,0,1,10.01,10,Red,sup,CoreJJ,Team Liquid,Thresh,Akali,Qiyana,Rumble,Zoe,LeBlanc,1474,0,1,1,0,3,9,0,0,0,0,1,1,0,0,0.1221,0.4885,970,39.4844,0.0398194,335.7802,329.7965,28,1.1398,5,0.2035,10,48,1.9539,5260,1977,80.4749,0.0985704,5175,34,34,0,0,0,1.384,2215,2977,19,2113,2410,12,102,567,7,3582,4101,25,3085,18,497,768,7
Spring,0,1,10.02,6,Red,top,Impact,Team Liquid,Aatrox,Rumble,Lucian,Akali,Elise,Gragas,2460,0,0,1,3,9,13,0,0,0,0,0,0,0,0,0.2195,0.5366,13988,341.1707,0.233511,746.878,864.1463,17,0.4146,8,0.1951,3,39,0.9512,15763,10469,255.3415,0.222413,14375,348,312,36,17,2,8.4878,3226,4734,83,3156,4101,70,70,633,13,5280,7854,142,5593,122,-313,1305,20
Spring,0,1,10.02,7,Red,jng,Shernfire,Team Liquid,Lee Sin,Rumble,Lucian,Akali,Elise,Gragas,2460,0,1,3,4,9,13,0,0,0,0,0,0,0,0,0.2195,0.5366,8243,201.0488,0.137606,917.2439,1013.1951,22,0.5366,12,0.2927,18,49,1.1951,12014,6720,163.9024,0.142766,11595,200,44,156,111,11,4.878,2836,2700,55,3312,3273,59,-476,-573,-4,4428,4602,77,4592,83,-164,5,-6
Spring,0,1,10.02,8,Red,mid,Jensen,Team Liquid,Ryze,Rumble,Lucian,Akali,Elise,Gragas,2460,0,5,3,1,9,13,0,0,0,0,0,0,0,1,0.2195,0.5366,15969,389.4878,0.266581,540.3171,284.9268,14,0.3415,5,0.122,5,30,0.7317,19732,14438,352.1463,0.306735,18275,442,364,78,28,31,10.7805,3273,4672,88,3743,5149,100,-470,-477,-12,6313,8253,160,6038,168,275,-27,-8
Spring,0,1,10.02,9,Red,bot,Doublelift,Team Liquid,Senna,Rumble,Lucian,Akali,Elise,Gragas,2460,0,3,3,2,9,13,1,0,0,0,0,0,0,0,0.2195,0.5366,17833,434.9512,0.297698,357.3171,198.439,13,0.3171,9,0.2195,3,35,0.8537,17054,11760,286.8293,0.249841,15870,354,327,27,23,0,8.6341,3304,3050,87,3323,3137,90,-19,-87,-3,5409,5252,142,5397,126,12,566,16
Spring,0,1,10.02,10,Red,sup,CoreJJ,Team Liquid,Nautilus,Rumble,Lucian,Akali,Elise,Gragas,2460,0,0,3,4,9,13,0,0,0,0,0,0,0,0,0.2195,0.5366,3870,94.3902,0.0646044,615.9024,1141.8293,57,1.3902,11,0.2683,16,111,2.7073,8977,3683,89.8293,0.0782452,8700,47,47,0,0,0,1.1463,2107,2478,13,2034,2536,10,73,-58,3,3386,3777,23,3331,18,55,203,5
Spring,0,1,10.02,1,Blue,top,Impact,Team Liquid,Ornn,Qiyana,Blitzcrank,Rumble,Thresh,Aatrox,1785,1,3,0,6,15,3,0,0,0,0,0,0,0,0,0.5042,0.605,10381,348.9412,0.214028,504.3697,680.8067,14,0.4706,2,0.0672,4,21,0.7059,10723,6806,228.7731,0.193045,10650,201,193,8,0,5,6.7563,3474,4876,78,2844,4284,69,630,592,9,5104,7184,122,4241,105,863,865,17
Spring,0,1,10.02,2,Blue,jng,Shernfire,Team Liquid,Jarvan IV,Qiyana,Blitzcrank,Rumble,Thresh,Aatrox,1785,1,1,2,13,15,3,0,0,0,0,0,0,0,0,0.5042,0.605,5030,169.0756,0.103705,652.3025,446.8571,10,0.3361,18,0.605,11,58,1.9496,9595,5678,190.8571,0.161051,9300,148,20,128,65,8,4.9748,2966,3078,59,2993,2954,58,-27,124,1,4574,4770,88,4523,95,51,-11,-7
Spring,0,1,10.02,3,Blue,mid,Jensen,Team Liquid,Zoe,Qiyana,Blitzcrank,Rumble,Thresh,Aatrox,1785,1,4,0,7,15,3,0,0,0,0,0,0,0,0,0.5042,0.605,17424,585.6807,0.359236,194.3529,97.2437,10,0.3361,4,0.1345,3,21,0.7059,12209,8292,278.7227,0.235194,11875,262,242,20,20,0,8.8067,3418,5198,95,3410,4831,93,8,367,2,5430,7913,148,5437,159,-7,-156,-11
Spring,0,1,10.02,4,Blue,bot,Doublelift,Team Liquid,Aphelios,Qiyana,Blitzcrank,Rumble,Thresh,Aatrox,1785,1,7,1,2,15,3,2,0,0,0,1,1,0,0,0.5042,0.605,13511,454.1513,0.27856,200.7059,367.2269,8,0.2689,8,0.2689,2,31,1.042,14820,10903,366.4874,0.309252,13750,300,266,34,24,5,10.084,3948,3741,94,3088,3017,77,860,724,17,6441,5704,145,4858,132,1583,-45,13
Spring,0,1,10.02,5,Blue,sup,CoreJJ,Team Liquid,Braum,Qiyana,Blitzcrank,Rumble,Thresh,Aatrox,1785,1,0,0,9,15,3,0,0,0,0,0,0,0,0,0.5042,0.605,2157,72.5042,0.0444715,383.0252,416.8403,36,1.2101,8,0.2689,10,81,2.7227,7494,3577,120.2353,0.101458,7100,33,33,0,0,0,1.1092,2119,2481,11,1928,2399,10,191,82,1,3399,3532,21,3000,17,399,294,4
Summer,1,1,10.16,1,Blue,top,Impact,Team Liquid,Shen,Senna,Lillia,Evelynn,Mordekaiser,Gangplank,2761,0,3,2,9,16,17,0,0,0,0,0,0,0,0,0.3477,0.7171,18231,396.1825,0.195714,729.1054,1587.8812,23,0.4998,4,0.0869,7,42,0.9127,17421,11513,250.192,0.223919,16525,391,366,25,1,12,8.4969,3354,4808,82,2992,4539,74,362,269,8,5157,7705,132,4450,118,707,505,14
Summer,1,1,10.16,2,Blue,jng,Broxah,Team Liquid,Hecarim,Senna,Lillia,Evelynn,Mordekaiser,Gangplank,2761,0,2,5,11,16,17,0,0,0,0,0,0,0,0,0.3477,0.7171,9185,199.6016,0.0986033,954.3499,973.9515,11,0.239,25,0.5433,10,80,1.7385,14007,8099,176.0014,0.157519,13633,250,44,206,141,16,5.4328,3252,2988,58,3217,3025,59,35,-37,-1,4706,4470,81,4781,97,-75,-500,-16
Summer,1,1,10.16,3,Blue,mid,Jensen,Team Liquid,Akali,Senna,Lillia,Evelynn,Mordekaiser,Gangplank,2761,0,4,2,6,16,17,0,0,0,0,0,0,0,0,0.3477,0.7171,15239,331.1626,0.163595,646.6353,448.0116,13,0.2825,9,0.1956,8,39,0.8475,18005,12097,262.883,0.235277,16750,405,376,29,26,3,8.8012,3575,4789,82,3535,4522,84,40,267,-2,5728,7342,135,5650,143,78,76,-8
Summer,1,1,10.16,4,Blue,bot,Tactical,Team Liquid,Ashe,Senna,Lillia,Evelynn,Mordekaiser,Gangplank,2761,0,7,3,5,16,17,1,0,0,0,0,0,0,0,0.3477,0.7171,45147,981.1011,0.484665,535.2626,337.3126,14,0.3042,16,0.3477,4,55,1.1952,22611,16703,362.9772,0.32486,20350,500,453,47,38,8,10.8656,3298,3514,85,3422,3348,87,-124,166,-2,4782,5655,125,5490,140,-708,-79,-15
Summer,1,1,10.16,5,Blue,sup,CoreJJ,Team Liquid,Blitzcrank,Senna,Lillia,Evelynn,Mordekaiser,Gangplank,2761,0,0,5,8,16,17,0,0,0,0,0,0,0,1,0.3477,0.7171,5349,116.2405,0.0574229,426.7367,493.2995,84,1.8254,18,0.3912,20,131,2.8468,8912,3004,65.2807,0.0584248,8000,45,45,0,0,0,0.9779,1973,2082,12,2474,2561,13,-501,-479,-1,2911,2871,19,3339,16,-428,-322,3
Summer,1,2,10.16,1,Blue,top,Impact,Team Liquid,Mordekaiser,Senna,Lillia,Evelynn,Hecarim,,1975,1,3,3,5,19,6,1,0,0,0,0,0,0,1,0.5772,0.7595,13310,404.3544,0.222326,631.5949,925.3671,15,0.4557,0,0,5,35,1.0633,12984,8679,263.6658,0.214693,12575,269,235,34,7,16,8.1722,3314,4813,89,3188,4734,83,126,79,6,5341,7194,130,4710,113,631,330,17
Summer,1,2,10.16,2,Blue,jng,Broxah,Team Liquid,Volibear,Senna,Lillia,Evelynn,Hecarim,,1975,1,3,0,9,19,6,0,0,0,0,0,0,0,0,0.5772,0.7595,6224,189.0835,0.103964,724.8911,1056.7291,10,0.3038,16,0.4861,9,53,1.6101,10549,6244,189.6911,0.154461,8725,153,27,126,67,14,4.6481,2869,2976,60,2973,3110,59,-104,-134,1,4189,4563,87,4670,90,-481,-686,-3
Summer,1,2,10.16,3,Blue,mid,Jensen,Team Liquid,Orianna,Senna,Lillia,Evelynn,Hecarim,,1975,1,2,2,11,19,6,0,0,0,0,0,0,0,0,0.5772,0.7595,12342,374.9468,0.206157,495.5241,473.1038,14,0.4253,4,0.1215,6,26,0.7899,13555,9250,281.0127,0.228817,11100,302,268,34,22,8,9.1747,3217,4633,86,3309,4808,92,-92,-175,-6,5037,7483,137,5413,153,-376,-374,-16
Summer,1,2,10.16,4,Blue,bot,Tactical,Team Liquid,Caitlyn,Senna,Lillia,Evelynn,Hecarim,,1975,1,9,0,4,19,6,3,0,0,0,0,0,0,0,0.5772,0.7595,20860,633.7215,0.348439,493.5494,312.9418,14,0.4253,9,0.2734,3,26,0.7899,15834,11529,350.2481,0.285191,11975,303,280,23,16,7,9.2051,3380,3104,89,3134,3504,80,246,-400,9,4958,4863,132,4694,124,264,-445,8
Summer,1,2,10.16,5,Blue,sup,CoreJJ,Team Liquid,Lux,Senna,Lillia,Evelynn,Hecarim,,1975,1,2,1,14,19,6,0,0,0,0,0,0,0,0,0.5772,0.7595,7131,216.638,0.119114,220.3443,431.9089,63,1.9139,20,0.6076,9,114,3.4633,9028,4723,143.4835,0.116838,7225,43,43,0,0,0,1.3063,2194,2729,14,1966,2115,13,228,614,1,3224,3581,22,2981,23,243,243,-1
Summer,0,1,10.13,1,Blue,top,Impact,Team Liquid,Ornn,Volibear,Ashe,Varus,Sett,Gangplank,2135,1,1,2,9,13,7,0,0,0,0,0,0,0,0,0.3653,0.5621,10191,286.3981,0.190918,850.2857,1174.7073,15,0.4215,4,0.1124,6,25,0.7026,11628,6997,196.637,0.158612,11300,213,213,0,0,0,5.9859,3383,4854,84,3500,4877,82,-117,-23,2,4837,7299,124,5499,138,-662,-345,-14
Summer,0,1,10.13,2,Blue,jng,Broxah,Team Liquid,Lee Sin,Volibear,Ashe,Varus,Sett,Gangplank,2135,1,3,2,6,13,7,0,0,0,0,1,0,1,0,0.3653,0.5621,5285,148.5246,0.099009,727.0258,909.0211,20,0.5621,8,0.2248,11,50,1.4052,12939,8308,233.4801,0.18833,10200,208,27,181,111,12,5.8454,3162,3312,65,3187,3328,64,-25,-16,1,5416,5465,94,5418,106,-2,-613,-12
Summer,0,1,10.13,3,Blue,mid,Jensen,Team Liquid,LeBlanc,Volibear,Ashe,Varus,Sett,Gangplank,2135,1,4,1,5,13,7,0,0,0,0,1,1,0,0,0.3653,0.5621,21340,599.719,0.399783,461.8735,296.178,23,0.6464,11,0.3091,7,55,1.5457,15839,11208,314.9789,0.254069,14975,324,301,23,12,8,9.1054,3639,4565,85,3232,4477,85,407,88,0,5798,7465,140,4943,129,855,468,11
Summer,0,1,10.13,4,Blue,bot,Tactical,Team Liquid,Aphelios,Volibear,Ashe,Varus,Sett,Gangplank,2135,1,5,1,2,13,7,1,0,0,0,0,0,0,0,0.3653,0.5621,13264,372.7588,0.248487,234.7728,461.171,20,0.5621,12,0.3372,7,41,1.1522,17701,13070,367.3068,0.296278,15075,403,334,69,40,18,11.3255,3352,3734,89,3462,3641,99,-110,93,-10,5580,6297,152,5341,158,239,96,-6
Summer,0,1,10.13,5,Blue,sup,CoreJJ,Team Liquid,Bard,Volibear,Ashe,Varus,Sett,Gangplank,2135,1,0,1,11,13,7,0,0,0,0,1,0,1,0,0.3653,0.5621,3299,92.7119,0.0618033,273.3021,235.8689,85,2.3888,23,0.6464,16,150,4.2155,9162,4531,127.3349,0.102711,8050,46,46,0,0,0,1.2927,2313,2531,14,2027,2031,13,286,500,1,3538,3389,20,3116,22,422,-587,-2
Spring,0,1,10.01,1,Blue,top,Impact,Team Liquid,Ornn,Lucian,Qiyana,Aphelios,Irelia,LeBlanc,2368,1,1,0,4,9,4,0,0,0,0,0,0,0,0,0.228,0.3294,13459,341.022,0.255797,696.3091,1048.8851,20,0.5068,8,0.2027,6,46,1.1655,12607,7501,190.0591,0.175215,12150,241,241,0,0,0,6.1064,2768,4130,64,2931,4181,66,-163,-51,-2,4335,6816,110,5121,115,-786,-269,-5
Spring,0,1,10.01,2,Blue,jng,Shernfire,Team Liquid,Jarvan IV,Lucian,Qiyana,Aphelios,Irelia,LeBlanc,2368,1,0,1,7,9,4,0,0,0,0,0,0,0,0,0.228,0.3294,4146,105.0507,0.0787973,661.2416,581.2753,14,0.3547,13,0.3294,13,49,1.2416,11260,6154,155.9291,0.143749,10110,175,14,161,105,8,4.4341,2642,2434,49,3492,2533,53,-850,-99,-4,4284,4430,83,5063,76,-779,543,7
Spring,0,1,10.01,3,Blue,mid,Jensen,Team Liquid,Orianna,Lucian,Qiyana,Aphelios,Irelia,LeBlanc,2368,1,5,0,3,9,4,0,0,0,0,0,0,0,0,0.228,0.3294,19172,485.777,0.364376,287.4324,242.9139,15,0.3801,5,0.1267,8,34,0.8615,17088,11982,303.598,0.279891,15400,383,315,68,37,18,9.7044,3523,4857,101,3389,4884,93,134,-27,8,5820,7788,155,5476,158,344,-468,-3
Spring,0,1,10.01,4,Blue,bot,Doublelift,Team Liquid,Xayah,Lucian,Qiyana,Aphelios,Irelia,LeBlanc,2368,1,3,3,3,9,4,0,0,0,0,0,0,0,1,0.228,0.3294,12661,320.8024,0.24063,322.5,344.2905,15,0.3801,18,0.4561,3,60,1.5203,18585,13479,341.5287,0.314861,15375,436,359,77,37,23,11.0473,3127,2759,81,3197,2938,73,-70,-179,8,5517,4931,135,5197,119,320,109,16
Spring,0,1,10.01,5,Blue,sup,CoreJJ,Team Liquid,Rakan,Lucian,Qiyana,Aphelios,Irelia,LeBlanc,2368,1,0,0,8,9,4,0,0,0,0,0,0,0,0,0.228,0.3294,3178,80.5236,0.0603999,139.3834,308.8682,57,1.4443,18,0.4561,17,126,3.1926,8800,3694,93.598,0.086284,7725,39,39,0,0,0,0.9882,2062,2460,13,2265,2471,14,-203,-11,-1,3423,3744,21,3468,20,-45,482,1
Summer,0,1,10.15,1,Blue,top,Impact,Team Liquid,Shen,Ashe,Caitlyn,Graves,Riven,Kennen,1601,1,2,1,10,13,1,0,0,0,0,0,0,0,0,0.4872,0.5247,11878,445.1468,0.246867,579.1255,1047.5828,13,0.4872,4,0.1499,5,27,1.0119,10996,7454,279.3504,0.202521,9425,248,242,6,0,4,9.2942,3267,5028,87,3321,4864,90,-54,164,-3,5230,8213,143,4895,141,335,691,2
Summer,0,1,10.15,2,Blue,jng,Broxah,Team Liquid,Volibear,Ashe,Caitlyn,Graves,Riven,Kennen,1601,1,0,0,11,13,1,0,0,0,0,1,0,1,0,0.4872,0.5247,5520,206.8707,0.114725,724.8345,962.8107,6,0.2249,9,0.3373,7,35,1.3117,9646,6104,228.757,0.165844,8545,181,14,167,100,12,6.7833,3419,3763,74,3000,3253,60,419,510,14,5209,6129,111,4457,92,752,1070,19
Summer,0,1,10.15,3,Blue,mid,Jensen,Team Liquid,LeBlanc,Ashe,Caitlyn,Graves,Riven,Kennen,1601,1,6,0,6,13,1,1,1,1,0,1,1,0,0,0.4872,0.5247,14997,562.0362,0.311691,279.6127,212.0425,8,0.2998,3,0.1124,3,26,0.9744,12993,9451,354.1911,0.256776,10675,276,259,17,12,1,10.3435,3947,5174,101,2959,4617,76,988,557,25,6341,8614,158,4639,127,1702,1030,31
Summer,0,1,10.15,4,Blue,bot,Tactical,Team Liquid,Ezreal,Ashe,Caitlyn,Graves,Riven,Kennen,1601,1,4,0,3,13,1,1,0,0,0,0,0,0,0,0.4872,0.5247,13630,510.8057,0.28328,278.5259,362.5484,17,0.6371,7,0.2623,7,28,1.0493,13992,10450,391.6302,0.283917,12425,286,262,24,12,12,10.7183,3575,3442,92,3457,3286,99,118,156,-7,6506,5958,151,5240,155,1266,189,-4
Summer,0,1,10.15,5,Blue,sup,CoreJJ,Team Liquid,Braum,Ashe,Caitlyn,Graves,Riven,Kennen,1601,1,1,0,8,13,1,0,0,0,0,0,0,0,0,0.4872,0.5247,2090,78.326,0.0434376,185.4341,326.7208,31,1.1618,16,0.5996,8,72,2.6983,6889,3347,125.4341,0.0909416,6000,37,37,0,0,0,1.3866,2074,2773,14,2019,2569,11,55,204,3,3355,3771,23,3065,20,290,-23,3
Spring,0,1,10.03,1,Blue,top,Impact,Team Liquid,Sett,Rumble,Soraka,Mordekaiser,Elise,Orianna,1889,1,5,0,7,17,4,0,0,0,0,0,0,0,0,0.54,0.667,14975,475.6485,0.241876,584.7856,803.568,14,0.4447,10,0.3176,6,42,1.334,12434,8305,263.7904,0.204976,11533,208,208,0,0,0,6.6067,3849,4633,73,2974,3268,40,875,1365,33,5653,7122,105,4166,58,1487,2642,47
Spring,0,1,10.03,2,Blue,jng,Broxah,Team Liquid,Lee Sin,Rumble,Soraka,Mordekaiser,Elise,Orianna,1889,1,1,1,11,17,4,0,0,0,0,0,0,0,1,0.54,0.667,4234,134.4839,0.0683874,665.8444,793.4992,15,0.4764,5,0.1588,12,30,0.9529,9929,5800,184.2245,0.143149,9025,145,14,131,80,7,4.6056,2944,2837,53,2952,2817,50,-8,20,3,4441,4749,83,4564,76,-123,530,7
Spring,0,1,10.03,3,Blue,mid,Jensen,Team Liquid,Zoe,Rumble,Soraka,Mordekaiser,Elise,Orianna,1889,1,5,1,9,17,4,1,0,0,0,0,0,0,0,0.54,0.667,17833,566.4267,0.288038,356.9825,187.9089,9,0.2859,5,0.1588,4,20,0.6353,14071,9942,315.7861,0.245379,12850,291,263,28,16,12,9.243,4103,4698,82,3404,4525,88,699,173,-6,6077,7721,146,5327,144,750,286,2
Spring,0,1,10.03,4,Blue,bot,Doublelift,Team Liquid,Miss Fortune,Rumble,Soraka,Mordekaiser,Elise,Orianna,1889,1,6,1,8,17,4,1,0,0,0,0,0,0,0,0.54,0.667,21481,682.2975,0.34696,265.315,285.4526,13,0.4129,10,0.3176,3,53,1.6834,16796,12667,402.3399,0.312636,14850,343,295,48,16,20,10.8947,3768,3339,85,3447,2876,72,321,463,13,6634,6094,151,5928,127,706,1154,24
Spring,0,1,10.03,5,Blue,sup,CoreJJ,Team Liquid,Braum,Rumble,Soraka,Mordekaiser,Elise,Orianna,1889,1,0,1,12,17,4,0,0,0,0,0,0,0,0,0.54,0.667,3389,107.6443,0.054739,410.2806,518.2107,39,1.2388,10,0.3176,11,76,2.414,7932,3803,120.7941,0.0938597,7275,32,32,0,0,0,1.0164,2254,2604,12,1998,2249,11,256,355,1,3482,3987,22,3665,20,-183,288,2
Summer,0,1,10.12,1,Blue,top,Impact,Team Liquid,Aatrox,Yuumi,Olaf,Volibear,Nocturne,Galio,1821,0,3,4,1,8,11,0,0,0,0,0,0,0,0,0.2636,0.626,10617,349.8188,0.198686,703.9209,600.4613,17,0.5601,2,0.0659,8,27,0.8896,9821,5831,192.1252,0.203455,9650,203,185,18,7,0,6.6886,3794,5209,76,3103,4292,74,691,917,2,5163,6911,104,5003,126,160,-180,-22
Summer,0,1,10.12,2,Blue,jng,Broxah,Team Liquid,Graves,Yuumi,Olaf,Volibear,Nocturne,Galio,1821,0,0,2,2,8,11,0,0,0,0,0,0,0,1,0.2636,0.626,6199,204.2504,0.116008,457.6277,291.631,10,0.3295,6,0.1977,11,32,1.0544,8973,4983,164.1845,0.173864,8400,174,18,156,105,10,5.7331,3064,3118,60,3364,3131,61,-300,-13,-1,4989,4908,95,5080,88,-91,81,7
Summer,0,1,10.12,3,Blue,mid,Jensen,Team Liquid,Twisted Fate,Yuumi,Olaf,Volibear,Nocturne,Galio,1821,0,3,2,5,8,11,0,0,0,0,0,0,0,0,0.2636,0.626,20554,677.2323,0.384647,597.9242,279.7035,8,0.2636,1,0.0329,2,23,0.7578,11753,7763,255.7825,0.270871,11850,242,227,15,13,0,7.9736,4093,4923,85,3409,4425,90,684,498,-5,6021,7666,136,5193,143,828,334,-7
Summer,0,1,10.12,4,Blue,bot,Tactical,Team Liquid,Kai'Sa,Yuumi,Olaf,Volibear,Nocturne,Galio,1821,0,2,1,2,8,11,0,0,0,0,0,0,0,0,0.2636,0.626,13659,450.0494,0.255614,358.4843,177.1993,13,0.4283,8,0.2636,4,36,1.1862,11846,7856,258.8468,0.274116,11250,277,261,16,12,0,9.1269,3302,3081,89,3345,3006,92,-43,75,-3,5291,4950,131,5988,153,-697,-432,-22
Summer,0,1,10.12,5,Blue,sup,CoreJJ,Team Liquid,Nautilus,Yuumi,Olaf,Volibear,Nocturne,Galio,1821,0,0,2,4,8,11,0,0,0,0,0,0,0,0,0.2636,0.626,2407,79.3081,0.0450445,325.4366,517.0346,52,1.7133,3,0.0988,19,75,2.4712,6217,2227,73.3773,0.0776947,6000,26,26,0,0,0,0.8567,2149,2703,16,2070,2799,11,79,-96,5,3431,3530,20,3648,22,-217,-881,-2
Summer,0,1,10.11,6,Red,top,Impact,Team Liquid,Mordekaiser,Varus,Graves,Zilean,Jarvan IV,Lee Sin,1506,1,1,0,3,13,2,0,0,0,0,0,0,0,0,0.5179,0.5976,5002,199.2829,0.110632,404.741,465.8566,12,0.4781,3,0.1195,7,35,1.3944,9066,5718,227.8088,0.174981,8025,199,176,23,4,8,7.9283,3508,4424,77,2739,3853,68,769,571,9,4939,6751,116,3975,102,964,919,14
Summer,0,1,10.11,7,Red,jng,Broxah,Team Liquid,Trundle,Varus,Graves,Zilean,Jarvan IV,Lee Sin,1506,1,2,0,9,13,2,0,0,0,0,1,1,0,0,0.5179,0.5976,2595,103.3865,0.057395,719.6414,459.5618,10,0.3984,6,0.239,11,33,1.3147,8483,5135,204.5817,0.15714,7475,112,11,101,55,5,4.4622,3384,3203,59,3108,3286,63,276,-83,-4,4852,4943,86,4509,94,343,-340,-8
Summer,0,1,10.11,8,Red,mid,Jensen,Team Liquid,Azir,Varus,Graves,Zilean,Jarvan IV,Lee Sin,1506,1,2,1,6,13,2,0,0,0,0,0,0,0,0,0.5179,0.5976,10726,427.3307,0.237233,406.0558,258.008,11,0.4382,1,0.0398,5,23,0.9163,11038,7690,306.3745,0.235326,9475,256,225,31,16,14,10.1992,3384,4983,93,3176,4409,89,208,574,4,5436,8030,149,4935,142,501,1084,7
Summer,0,1,10.11,9,Red,bot,Tactical,Team Liquid,Aphelios,Varus,Graves,Zilean,Jarvan IV,Lee Sin,1506,1,7,0,6,13,2,2,0,0,0,1,0,1,0,0.5179,0.5976,22611,900.8367,0.5001,136.0956,314.8606,10,0.3984,2,0.0797,2,22,0.8765,13283,9935,395.8167,0.304025,11800,241,212,29,17,6,9.6016,3460,3183,82,3277,3110,91,183,73,-9,6627,5479,140,5556,157,1071,-199,-17
Summer,0,1,10.11,10,Red,sup,CoreJJ,Team Liquid,Bard,Varus,Graves,Zilean,Jarvan IV,Lee Sin,1506,1,1,1,12,13,2,0,0,0,0,1,0,1,0,0.5179,0.5976,4279,170.4781,0.0946409,163.1076,152.9482,42,1.6733,9,0.3586,9,72,2.8685,7548,4200,167.3307,0.128529,6825,31,31,0,0,0,1.2351,2524,3019,14,1954,2739,13,570,280,1,4371,4111,24,3200,23,1171,147,1
Summer,0,1,10.13,6,Red,top,Impact,Team Liquid,Kennen,Volibear,Varus,Trundle,Wukong,Ornn,2717,1,5,6,4,15,19,0,0,0,0,0,0,0,1,0.3312,0.7508,27105,598.5646,0.281719,502.2598,356.0029,23,0.5079,10,0.2208,8,46,1.0158,17621,11803,260.6478,0.222867,15300,297,293,4,0,0,6.5587,3744,3952,68,3280,3948,62,464,4,6,6902,6878,122,4923,108,1979,164,14
Summer,0,1,10.13,7,Red,jng,Broxah,Team Liquid,Graves,Volibear,Varus,Trundle,Wukong,Ornn,2717,1,2,2,8,15,19,0,0,0,0,0,0,0,0,0.3312,0.7508,17868,394.5823,0.185713,653.7063,459.7056,14,0.3092,23,0.5079,14,68,1.5017,15227,9409,207.7806,0.177662,15012,278,63,215,153,5,6.1391,2917,2910,57,3787,3155,60,-870,-245,-3,4498,4556,89,5283,86,-785,-52,3
Summer,0,1,10.13,8,Red,mid,Jensen,Team Liquid,Azir,Volibear,Varus,Trundle,Wukong,Ornn,2717,1,4,4,6,15,19,0,0,0,0,0,0,0,0,0.3312,0.7508,29556,652.6905,0.307193,534.7442,435.0828,17,0.3754,14,0.3092,9,53,1.1704,19969,14151,312.4991,0.267203,18325,434,393,41,29,3,9.5841,4079,4692,94,2929,4456,72,1150,236,22,6118,7631,156,4878,132,1240,234,24
Summer,0,1,10.13,9,Red,bot,Tactical,Team Liquid,Kalista,Volibear,Varus,Trundle,Wukong,Ornn,2717,1,4,4,7,15,19,0,0,0,0,0,0,0,0,0.3312,0.7508,15416,340.4343,0.160228,331.1815,495.8778,23,0.5079,6,0.1325,6,50,1.1042,18877,13059,288.3842,0.246584,15950,381,340,41,37,0,8.4137,3353,3149,79,3276,2873,73,77,276,6,4963,5267,120,5116,123,-153,-89,-3
Summer,0,1,10.13,10,Red,sup,CoreJJ,Team Liquid,Nautilus,Volibear,Varus,Trundle,Wukong,Ornn,2717,1,0,3,11,15,19,0,0,0,0,0,0,0,0,0.3312,0.7508,6268,138.4174,0.0651471,504.7552,810.2981,84,1.855,16,0.3533,23,145,3.2021,10356,4538,100.2135,0.0856843,9125,42,42,0,0,0,0.9275,2242,2997,14,2070,2607,13,172,390,1,3267,3817,20,3110,19,157,189,1
Spring,0,1,10.03,6,Red,top,Impact,Team Liquid,Mordekaiser,Yuumi,Aphelios,Soraka,Olaf,Rumble,1406,1,5,1,4,15,1,1,0,0,0,0,0,0,1,0.6401,0.6828,9483,404.6799,0.252234,369.0896,375.2347,9,0.3841,3,0.128,4,28,1.1949,9952,6808,290.5263,0.232394,9185,166,162,4,0,4,7.0839,3229,4596,68,3513,4464,77,-284,132,-9,5297,7184,109,4940,112,357,657,-3
Spring,0,1,10.03,7,Red,jng,Broxah,Team Liquid,Sejuani,Yuumi,Aphelios,Soraka,Olaf,Rumble,1406,1,0,0,11,15,1,0,0,0,0,0,0,0,0,0.6401,0.6828,4657,198.734,0.12387,657.1408,493.229,9,0.3841,4,0.1707,10,27,1.1522,8015,4871,207.8663,0.166275,7450,126,6,120,60,21,5.377,3143,3427,62,3290,3445,65,-147,-18,-3,4658,5393,90,4841,104,-183,-231,-14
Spring,0,1,10.03,8,Red,mid,Jensen,Team Liquid,Vladimir,Yuumi,Aphelios,Soraka,Olaf,Rumble,1406,1,3,0,7,15,1,0,0,0,0,0,0,0,0,0.6401,0.6828,11124,474.7084,0.295883,434.2532,207.7809,10,0.4267,4,0.1707,5,25,1.0669,9365,6221,265.4765,0.212357,8575,197,189,8,8,0,8.4068,3378,5005,94,3343,4977,93,35,28,1,5186,8070,148,4895,132,291,558,16
Spring,0,1,10.03,9,Red,bot,Doublelift,Team Liquid,Varus,Yuumi,Aphelios,Soraka,Olaf,Rumble,1406,1,7,0,4,15,1,2,0,0,0,0,0,0,0,0.6401,0.6828,8753,373.5277,0.232817,104.0398,240.8108,9,0.3841,6,0.256,3,22,0.9388,11348,8204,350.0996,0.280046,10150,227,219,8,8,0,9.6871,3742,3248,91,3044,3053,72,698,195,19,6108,5022,149,4521,109,1587,331,40
Spring,0,1,10.03,10,Red,sup,CoreJJ,Team Liquid,Tahm Kench,Yuumi,Aphelios,Soraka,Olaf,Rumble,1406,1,0,0,11,15,1,0,0,0,0,0,0,0,0,0.6401,0.6828,3579,152.7312,0.0951963,315.7468,440.1422,27,1.1522,5,0.2134,6,44,1.8777,6335,3191,136.1735,0.108929,5550,25,25,0,0,0,1.0669,2193,2819,11,1997,2419,12,196,400,-1,3505,4492,20,3104,31,401,577,-11
Spring,0,1,10.03,1,Blue,top,Impact,Team Liquid,Ornn,Sett,Syndra,Miss Fortune,Gragas,Elise,2016,0,0,2,1,1,11,0,0,0,0,0,0,0,0,0.0298,0.3571,15267,454.375,0.304937,782.9762,1158.9881,14,0.4167,5,0.1488,2,24,0.7143,9750,5362,159.5833,0.16895,9000,231,231,0,0,0,6.875,3027,5023,80,3497,4687,83,-470,336,-3,5052,7709,133,5432,130,-380,200,3
Spring,0,1,10.03,2,Blue,jng,Broxah,Team Liquid,Lee Sin,Sett,Syndra,Miss Fortune,Gragas,Elise,2016,0,0,3,1,1,11,0,0,0,0,0,0,0,1,0.0298,0.3571,2161,64.3155,0.043163,757.2619,814.2262,18,0.5357,10,0.2976,11,42,1.25,8909,4521,134.5536,0.14245,8000,166,14,152,114,5,4.9405,2829,2742,54,3542,3794,74,-713,-1052,-20,4449,4839,94,5510,115,-1061,-1344,-21
Spring,0,1,10.03,3,Blue,mid,Jensen,Team Liquid,Ryze,Sett,Syndra,Miss Fortune,Gragas,Elise,2016,0,1,1,0,1,11,0,0,0,0,0,0,0,0,0.0298,0.3571,15230,453.2738,0.304198,398.7202,344.0476,16,0.4762,3,0.0893,9,27,0.8036,15364,10976,326.6667,0.345848,14775,403,364,39,24,5,11.994,3508,4784,98,3338,4860,91,170,-76,7,5548,7908,161,5480,154,68,-50,7
Spring,0,1,10.03,4,Blue,bot,Doublelift,Team Liquid,Kalista,Sett,Syndra,Miss Fortune,Gragas,Elise,2016,0,0,3,1,1,11,0,0,0,0,0,0,0,0,0.0298,0.3571,15471,460.4464,0.309012,339.1964,468.7202,14,0.4167,14,0.4167,4,42,1.25,12942,8554,254.5833,0.26953,12600,357,331,26,23,0,10.625,3560,3419,101,3068,3002,81,492,417,20,5227,5025,148,5138,136,89,-780,12
Spring,0,1,10.03,5,Blue,sup,CoreJJ,Team Liquid,Taric,Sett,Syndra,Miss Fortune,Gragas,Elise,2016,0,0,2,1,1,11,0,0,0,0,0,0,0,0,0.0298,0.3571,1937,57.6488,0.0386889,442.2024,620.1488,45,1.3393,9,0.2679,11,76,2.2619,6712,2324,69.1667,0.073222,6225,45,45,0,0,0,1.3393,2095,2948,12,2406,2649,13,-311,299,-1,3262,4539,23,3446,21,-184,1094,2
Summer,1,3,10.16,6,Red,top,Impact,Team Liquid,Mordekaiser,Lillia,Evelynn,Sett,Ornn,Renekton,1873,0,1,5,3,5,15,0,0,0,0,1,0,1,0,0.1602,0.6407,10110,323.8655,0.171994,715.7715,811.2333,13,0.4164,0,0,4,19,0.6086,9795,5698,182.5307,0.215334,9250,228,215,13,5,4,7.3038,3381,4399,66,3652,4402,82,-271,-3,-16,5036,6999,114,5630,131,-594,43,-17
Summer,1,3,10.16,7,Red,jng,Broxah,Team Liquid,Lee Sin,Lillia,Evelynn,Sett,Ornn,Renekton,1873,0,2,1,3,5,15,0,0,0,0,1,1,0,0,0.1602,0.6407,7103,227.5387,0.120838,719.8719,733.7427,20,0.6407,4,0.1281,13,30,0.961,8907,4810,154.0844,0.181779,8500,130,6,124,86,8,4.1644,3503,3043,52,2933,3051,56,570,-8,-4,5223,4844,77,4439,92,784,-134,-15
Summer,1,3,10.16,8,Red,mid,Jensen,Team Liquid,Kog'Maw,Lillia,Evelynn,Sett,Ornn,Renekton,1873,0,0,3,2,5,15,0,0,0,0,0,0,0,0,0.1602,0.6407,21602,692.0021,0.3675,334.3727,202.1036,14,0.4485,7,0.2242,7,30,0.961,10603,6506,208.4143,0.245867,9785,256,234,22,22,0,8.2007,3100,4432,76,3140,4588,83,-40,-156,-7,5160,6709,123,4769,130,391,-251,-7
Summer,1,3,10.16,9,Red,bot,Tactical,Team Liquid,Jhin,Lillia,Evelynn,Sett,Ornn,Renekton,1873,0,2,1,1,5,15,0,0,0,0,0,0,0,0,0.1602,0.6407,10089,323.1927,0.171637,373.5184,178.5905,12,0.3844,3,0.0961,4,21,0.6727,11399,7302,233.9135,0.275946,11125,271,255,16,12,0,8.6813,3538,3285,84,3205,2960,82,333,325,2,5483,5416,128,4938,119,545,711,9
Summer,1,3,10.16,10,Red,sup,CoreJJ,Team Liquid,Zyra,Lillia,Evelynn,Sett,Ornn,Renekton,1873,0,0,5,2,5,15,0,0,0,0,0,0,0,0,0.1602,0.6407,9877,316.4015,0.16803,269.7918,104.8158,63,2.0182,17,0.5446,13,105,3.3636,6242,2145,68.7133,0.0810735,6175,26,25,1,0,0,0.8329,2282,2695,6,2045,2592,12,237,103,-6,3323,3565,12,3413,20,-90,-169,-8
Summer,1,4,10.16,1,Blue,top,Impact,Team Liquid,Ornn,Lillia,Senna,Azir,Lucian,LeBlanc,2592,1,4,5,15,24,18,0,0,0,0,1,1,0,0,0.5556,0.9722,19247,445.5324,0.167869,1095.3009,1965.1157,23,0.5324,0,0,9,35,0.8102,13304,7741,179.1898,0.158024,12775,189,187,2,1,0,4.375,3347,4650,63,2984,4284,75,363,366,-12,4854,7635,107,5081,127,-227,563,-20
Summer,1,4,10.16,2,Blue,jng,Broxah,Team Liquid,Hecarim,Lillia,Senna,Azir,Lucian,LeBlanc,2592,1,4,3,8,24,18,0,0,0,0,0,0,0,0,0.5556,0.9722,16262,376.4352,0.141834,1185.8333,1249.0046,18,0.4167,16,0.3704,18,60,1.3889,14628,9065,209.838,0.185052,13308,231,38,193,122,16,5.3472,3429,3638,69,3073,3280,64,356,358,5,5377,5740,104,4527,95,850,605,9
Summer,1,4,10.16,3,Blue,mid,Jensen,Team Liquid,Zilean,Lillia,Senna,Azir,Lucian,LeBlanc,2592,1,3,3,16,24,18,0,0,0,0,0,0,0,0,0.5556,0.9722,31189,721.9676,0.272025,664.9306,425.0694,13,0.3009,9,0.2083,6,48,1.1111,17130,11567,267.7546,0.23613,15800,366,348,18,18,0,8.4722,3225,4902,85,3498,5176,100,-273,-274,-15,5010,7708,138,5955,171,-945,-785,-33
Summer,1,4,10.16,4,Blue,bot,Tactical,Team Liquid,Kalista,Lillia,Senna,Azir,Lucian,LeBlanc,2592,1,11,3,9,24,18,3,2,1,0,0,0,0,0,0.5556,0.9722,39288,909.4444,0.342663,549.1435,1224.2361,14,0.3241,18,0.4167,2,52,1.2037,21277,15714,363.75,0.320789,19200,421,372,49,31,0,9.7454,3456,3224,90,2943,2586,75,513,638,15,5622,5183,143,4457,118,1165,391,25
Summer,1,4,10.16,5,Blue,sup,CoreJJ,Team Liquid,Thresh,Lillia,Senna,Azir,Lucian,LeBlanc,2592,1,2,4,13,24,18,0,0,0,0,0,0,0,0,0.5556,0.9722,8669,200.6713,0.0756094,702.9398,467.7315,62,1.4352,22,0.5093,17,125,2.8935,10462,4899,113.4028,0.100005,9025,48,44,4,0,0,1.1111,2036,2477,13,2009,2557,11,27,-80,2,3715,3944,21,2924,16,791,576,5
Summer,1,5,10.16,6,Red,top,Impact,Team Liquid,Ornn,Lillia,Caitlyn,Senna,Orianna,Kog'Maw,2104,0,0,3,1,1,14,0,0,0,0,0,0,0,0,0.0285,0.4278,9163,261.3023,0.230087,622.5285,841.7395,12,0.3422,4,0.1141,1,26,0.7414,11151,6583,187.7281,0.223508,10775,278,264,14,9,0,7.9278,3377,4915,94,3160,4592,80,217,323,14,4876,7568,135,5621,151,-745,-387,-16
Summer,1,5,10.16,7,Red,jng,Broxah,Team Liquid,Volibear,Lillia,Caitlyn,Senna,Orianna,Kog'Maw,2104,0,0,3,0,1,14,0,0,0,0,0,0,0,1,0.0285,0.4278,2813,80.2186,0.0706358,695.6749,787.3004,9,0.2567,4,0.1141,10,29,0.827,8122,3554,101.3498,0.12067,7850,142,10,132,99,7,4.0494,3013,3190,64,3201,3706,67,-188,-516,-3,4425,4995,100,5024,103,-599,-534,-3
Summer,1,5,10.16,8,Red,mid,Jensen,Team Liquid,Azir,Lillia,Caitlyn,Senna,Orianna,Kog'Maw,2104,0,1,2,0,1,14,0,0,0,0,0,0,0,0,0.0285,0.4278,13505,385.1236,0.339117,363.0513,277.8707,15,0.4278,12,0.3422,5,35,0.9981,13671,9103,259.5913,0.309064,12960,378,344,34,31,0,10.7795,3477,4916,98,3362,4795,88,115,121,10,5384,7734,156,5337,146,47,-18,10
Summer,1,5,10.16,9,Red,bot,Tactical,Team Liquid,Ashe,Lillia,Caitlyn,Senna,Orianna,Kog'Maw,2104,0,0,3,1,1,14,0,0,0,0,0,0,0,0,0.0285,0.4278,12041,343.3745,0.302355,445.751,297.1768,15,0.4278,5,0.1426,7,44,1.2548,12677,8109,231.2452,0.275317,12880,337,317,20,17,0,9.6103,3261,3542,86,3850,3508,98,-589,34,-12,4993,6000,139,5777,155,-784,116,-16
Summer,1,5,10.16,10,Red,sup,CoreJJ,Team Liquid,Bard,Lillia,Caitlyn,Senna,Orianna,Kog'Maw,2104,0,0,3,1,1,14,0,0,0,0,0,0,0,0,0.0285,0.4278,2302,65.6464,0.0578043,263.4125,214.8479,79,2.2529,22,0.6274,14,131,3.7357,6672,2104,60,0.0714411,6000,45,45,0,0,0,1.2833,1977,2383,12,2017,2577,11,-40,-194,1,3019,3737,23,2964,22,55,201,1
Summer,1,1,10.16,1,Blue,top,Impact,Team Liquid,Mordekaiser,Olaf,Gangplank,Sett,Twisted Fate,Morgana,2274,1,4,1,2,12,6,1,1,0,0,0,0,0,0,0.3166,0.4749,18251,481.5567,0.233419,555.0132,862.8232,12,0.3166,5,0.1319,1,30,0.7916,15318,10403,274.4855,0.228671,14985,311,291,20,0,4,8.2058,3132,4543,85,3335,4885,91,-203,-342,-6,4934,7848,142,5170,150,-236,-45,-8
Summer,1,1,10.16,2,Blue,jng,Broxah,Team Liquid,Lee Sin,Olaf,Gangplank,Sett,Twisted Fate,Morgana,2274,1,0,2,8,12,6,0,0,0,0,0,0,0,0,0.3166,0.4749,4804,126.7546,0.0614401,799.5515,978.2586,21,0.5541,4,0.1055,13,47,1.2401,11156,6241,164.6702,0.137189,10000,192,12,180,118,11,5.066,3122,3527,69,2937,3060,58,185,467,11,4531,5569,103,4457,96,74,366,7
Summer,1,1,10.16,3,Blue,mid,Jensen,Team Liquid,Azir,Olaf,Gangplank,Sett,Twisted Fate,Morgana,2274,1,4,0,6,12,6,0,0,0,0,0,0,0,0,0.3166,0.4749,22258,587.2823,0.284666,346.4644,248.5224,14,0.3694,13,0.343,7,51,1.3456,17678,12763,336.7546,0.280545,15925,414,365,49,33,12,10.9235,3758,5218,104,3296,4618,91,462,600,13,5726,8188,166,5222,152,504,543,14
Summer,1,1,10.16,4,Blue,bot,Tactical,Team Liquid,Ashe,Olaf,Gangplank,Sett,Twisted Fate,Morgana,2274,1,3,2,7,12,6,0,0,0,0,0,0,0,0,0.3166,0.4749,23670,624.5383,0.302724,505.6464,277.2296,19,0.5013,11,0.2902,7,76,2.0053,16929,12014,316.9921,0.264081,15975,361,339,22,16,6,9.5251,3293,3442,89,2898,2552,67,395,890,22,5526,5768,142,4527,115,999,1100,27
Summer,1,1,10.16,5,Blue,sup,CoreJJ,Team Liquid,Bard,Olaf,Gangplank,Sett,Twisted Fate,Morgana,2274,1,1,1,10,12,6,0,0,0,0,0,0,0,1,0.3166,0.4749,9207,242.9288,0.117752,304.9604,272.8496,86,2.2691,22,0.5805,14,148,3.905,8987,4072,107.4406,0.0895136,7950,29,27,2,2,0,0.7652,2055,2860,4,2003,2540,12,52,320,-8,2919,3702,7,2891,16,28,379,-9
Summer,1,2,10.16,1,Blue,top,Impact,Team Liquid,Mordekaiser,Olaf,Sett,Galio,Gangplank,Jax,2171,1,5,2,9,15,8,2,0,0,0,0,0,0,1,0.4146,0.6357,15778,436.0571,0.286186,795.6702,881.345,17,0.4698,4,0.1105,6,35,0.9673,15284,10580,292.3998,0.244497,14865,281,274,7,1,0,7.766,2630,3529,49,3708,4622,85,-1078,-1093,-36,4709,6768,106,5291,130,-582,-102,-24
Summer,1,2,10.16,2,Blue,jng,Broxah,Team Liquid,Lee Sin,Olaf,Sett,Galio,Gangplank,Jax,2171,1,4,1,8,15,8,0,0,0,0,0,0,0,0,0.4146,0.6357,7981,220.5712,0.144762,911.801,1092.2985,24,0.6633,12,0.3316,14,58,1.6029,13012,8308,229.6085,0.19199,10425,210,20,190,116,20,5.8038,2792,2555,48,2873,3134,59,-81,-579,-11,4739,4857,85,4579,104,160,-627,-19
Summer,1,2,10.16,3,Blue,mid,Jensen,Team Liquid,Azir,Olaf,Sett,Galio,Gangplank,Jax,2171,1,2,1,4,15,8,1,0,0,0,0,0,0,0,0.4146,0.6357,17339,479.1985,0.3145,444.4588,305.8591,17,0.4698,11,0.304,8,46,1.2713,15782,11078,306.1631,0.256005,15600,347,323,24,20,4,9.5901,3225,4520,84,3939,4775,89,-714,-255,-5,5436,7678,147,6147,144,-711,64,3
Summer,1,2,10.16,4,Blue,bot,Tactical,Team Liquid,Caitlyn,Olaf,Sett,Galio,Gangplank,Jax,2171,1,3,2,4,15,8,1,0,0,0,0,0,0,0,0.4146,0.6357,9464,261.5569,0.171661,576.0387,288.9452,15,0.4146,6,0.1658,5,35,0.9673,14408,9704,268.1898,0.224252,12685,340,308,32,24,4,9.3966,3055,3443,77,3570,3648,87,-515,-205,-10,5025,5777,130,5194,135,-169,-142,-5
Summer,1,2,10.16,5,Blue,sup,CoreJJ,Team Liquid,Bard,Olaf,Sett,Galio,Gangplank,Jax,2171,1,1,2,7,15,8,0,0,0,0,0,0,0,0,0.4146,0.6357,4570,126.3012,0.082892,376.1677,305.6932,75,2.0728,21,0.5804,17,124,3.427,8307,3603,99.5762,0.0832561,7475,45,45,0,0,0,1.2437,2156,2577,9,2070,2389,1,86,188,8,3252,4121,18,3055,11,197,852,7
Summer,1,3,10.16,1,Blue,top,Impact,Team Liquid,Ornn,Olaf,Sett,Twisted Fate,Kayle,Galio,2462,1,0,4,14,20,15,0,0,0,0,0,0,0,1,0.4874,0.853,16009,390.1462,0.157984,992.1933,1688.0666,22,0.5361,7,0.1706,10,48,1.1698,13774,8476,206.5638,0.165838,15575,280,280,0,0,0,6.8237,3235,4685,82,3860,5063,68,-625,-378,14,4926,7239,129,5396,102,-470,196,27
Summer,1,3,10.16,2,Blue,jng,Broxah,Team Liquid,Lee Sin,Olaf,Sett,Twisted Fate,Kayle,Galio,2462,1,6,2,10,20,15,0,0,0,0,0,0,0,0,0.4874,0.853,11221,273.4606,0.110734,762.3314,968.3834,17,0.4143,14,0.3412,11,57,1.3891,14732,9434,229.9106,0.184582,14825,215,31,184,97,26,5.2396,3172,3154,56,3459,3980,74,-287,-826,-18,5726,6421,90,5670,122,56,-531,-32
Summer,1,3,10.16,3,Blue,mid,Jensen,Team Liquid,LeBlanc,Olaf,Sett,Twisted Fate,Kayle,Galio,2462,1,7,1,7,20,15,2,0,0,0,0,0,0,0,0.4874,0.853,30627,746.3932,0.302241,620.0812,346.5232,10,0.2437,14,0.3412,3,60,1.4622,19453,14155,344.9634,0.276952,17075,384,347,37,20,13,9.3582,3333,4697,88,3375,4770,90,-42,-73,-2,4938,7107,133,5164,143,-226,-534,-10
Summer,1,3,10.16,4,Blue,bot,Tactical,Team Liquid,Ashe,Olaf,Sett,Twisted Fate,Kayle,Galio,2462,1,5,4,8,20,15,1,0,0,0,0,0,0,0,0.4874,0.853,34072,830.3493,0.336238,753.7043,449.0008,15,0.3656,14,0.3412,3,82,1.9984,19869,14571,355.1015,0.285092,28705,423,336,87,37,28,10.3087,3147,3214,84,3405,3064,67,-258,150,17,4728,5191,125,5466,122,-738,-237,3
Summer,1,3,10.16,5,Blue,sup,CoreJJ,Team Liquid,Morgana,Olaf,Sett,Twisted Fate,Kayle,Galio,2462,1,2,4,12,20,15,0,0,0,0,0,0,0,0,0.4874,0.853,9404,229.1795,0.0928029,407.5223,246.1657,40,0.9748,16,0.3899,11,99,2.4127,9772,4474,109.0333,0.0875358,8375,26,26,0,0,0,0.6336,2105,2380,6,2654,2723,11,-549,-343,-5,3085,3377,11,3796,19,-711,-792,-8
Summer,0,1,10.12,1,Blue,top,Impact,Team Liquid,Ornn,Sett,Yuumi,Volibear,Kindred,Trundle,1675,1,1,2,8,17,5,0,0,0,0,0,0,0,0,0.609,0.7881,9569,342.7701,0.170437,707.8925,874.4239,12,0.4299,0,0,4,15,0.5373,9148,5455,195.403,0.146069,8150,191,187,4,0,0,6.8418,3071,4242,75,3121,4970,83,-50,-728,-8,4676,6986,123,4767,133,-91,-1038,-10
Summer,0,1,10.12,2,Blue,jng,Broxah,Team Liquid,Graves,Sett,Yuumi,Volibear,Kindred,Trundle,1675,1,3,1,10,17,5,0,0,0,0,1,1,0,0,0.609,0.7881,9348,334.8537,0.1665,425.5881,292.7642,6,0.2149,7,0.2507,5,42,1.5045,11542,7849,281.1582,0.210169,8700,196,32,164,92,20,7.0209,3862,3585,65,2946,2907,61,916,678,4,5699,5484,93,4715,104,984,115,-11
Summer,0,1,10.12,3,Blue,mid,Jensen,Team Liquid,Twisted Fate,Sett,Yuumi,Volibear,Kindred,Trundle,1675,1,3,0,7,17,5,0,0,0,0,0,0,0,0,0.609,0.7881,12585,450.806,0.224156,368.0239,151.1284,10,0.3582,3,0.1075,2,23,0.8239,13658,9965,356.9552,0.266826,10200,272,244,28,9,12,9.7433,3619,4386,88,3321,4657,86,298,-271,2,5867,7374,145,5486,143,381,-124,2
Summer,0,1,10.12,4,Blue,bot,Tactical,Team Liquid,Ezreal,Sett,Yuumi,Volibear,Kindred,Trundle,1675,1,7,0,4,17,5,1,1,0,0,1,0,1,0,0.609,0.7881,19339,692.7403,0.344454,236.5612,183.0448,14,0.5015,10,0.3582,5,37,1.3254,13978,10285,368.4179,0.275394,11835,268,256,12,4,8,9.6,3507,2868,71,3217,3197,77,290,-329,-6,6296,5545,135,4725,121,1571,475,14
Summer,0,1,10.12,5,Blue,sup,CoreJJ,Team Liquid,Blitzcrank,Sett,Yuumi,Volibear,Kindred,Trundle,1675,1,3,2,9,17,5,0,0,0,0,1,0,1,0,0.609,0.7881,5303,189.9582,0.0944536,364.7642,306.4119,31,1.1104,10,0.3582,8,70,2.5075,7485,3792,135.8328,0.101542,5900,30,30,0,0,0,1.0746,2229,2344,10,1976,1862,11,253,482,-1,3426,3856,19,2982,18,444,706,1
Spring,0,1,10.03,6,Red,top,Impact,Team Liquid,Sett,Aphelios,Yuumi,Soraka,Olaf,Lee Sin,2286,0,1,5,0,3,11,0,0,0,0,0,0,0,1,0.0787,0.3675,13975,366.7979,0.201645,904.0682,1401.0499,19,0.4987,3,0.0787,9,29,0.7612,11723,6784,178.0577,0.203614,11700,266,266,0,0,0,6.9816,3023,4656,80,2806,4370,69,217,286,11,4420,6782,116,4739,113,-319,-161,3
Spring,0,1,10.06,1,Blue,top,Impact,Team Liquid,Aatrox,Syndra,Pantheon,Gragas,Jarvan IV,Cassiopeia,2735,0,6,4,6,19,18,0,0,0,0,0,0,0,0,0.4168,0.8117,29601,649.3821,0.250008,1117.5795,1368.9872,26,0.5704,8,0.1755,9,59,1.2943,16710,10855,238.1353,0.224036,16225,298,294,4,3,0,6.5375,3626,4999,81,3434,4133,72,192,866,9,5190,7666,131,5644,121,-454,920,10
Spring,0,1,10.06,2,Blue,jng,Broxah,Team Liquid,Elise,Syndra,Pantheon,Gragas,Jarvan IV,Cassiopeia,2735,0,6,4,9,19,18,1,0,0,0,0,0,0,1,0.4168,0.8117,23484,515.1883,0.198345,577.8867,351.0932,37,0.8117,20,0.4388,16,90,1.9744,14783,8928,195.8611,0.184265,14930,223,39,184,135,4,4.8921,3063,2770,46,3965,4503,86,-902,-1733,-40,5114,5464,90,6252,124,-1138,-1110,-34
Spring,0,1,10.06,3,Blue,mid,Jensen,Team Liquid,Ornn,Syndra,Pantheon,Gragas,Jarvan IV,Cassiopeia,2735,0,2,5,9,19,18,0,0,0,0,0,0,0,0,0.4168,0.8117,20868,457.7989,0.17625,841.404,1203.3126,15,0.3291,2,0.0439,2,26,0.5704,14979,9124,200.1609,0.18831,13820,281,270,11,8,1,6.1645,3078,4278,79,3362,4643,87,-284,-365,-8,4348,5953,106,4904,119,-556,-810,-13
Spring,0,1,10.06,4,Blue,bot,Doublelift,Team Liquid,Ashe,Syndra,Pantheon,Gragas,Jarvan IV,Cassiopeia,2735,0,5,3,9,19,18,0,0,0,0,0,0,0,0,0.4168,0.8117,33622,737.5941,0.28397,386.8519,442.7934,16,0.351,16,0.351,3,74,1.6234,21338,15483,339.6636,0.319553,22775,512,453,59,40,11,11.2322,3301,3187,89,3444,3131,98,-143,56,-9,5286,5366,149,5926,152,-640,101,-3
Spring,0,1,10.06,5,Blue,sup,CoreJJ,Team Liquid,Braum,Syndra,Pantheon,Gragas,Jarvan IV,Cassiopeia,2735,0,0,2,15,19,18,0,0,0,0,0,0,0,0,0.4168,0.8117,10825,237.4771,0.0914274,685.1188,488.5119,65,1.426,12,0.2633,17,116,2.5448,9917,4062,89.1115,0.0838355,8975,40,40,0,0,0,0.8775,2017,2524,12,2082,3014,12,-65,-490,0,3033,4006,21,3329,22,-296,-649,-1
Spring,0,1,10.04,6,Red,top,Impact,Team Liquid,Zac,Ornn,Senna,Sett,Braum,Thresh,1879,0,0,3,1,4,14,0,0,0,0,0,0,0,0,0.1277,0.5748,9528,304.2469,0.191679,871.0378,834.4119,13,0.4151,3,0.0958,3,21,0.6706,8373,4264,136.1575,0.170965,8025,187,183,4,4,0,5.9713,2663,4211,57,3669,5041,91,-1006,-830,-34,4171,6767,106,5440,139,-1269,-947,-33
Spring,0,1,10.04,7,Red,jng,Broxah,Team Liquid,Olaf,Ornn,Senna,Sett,Braum,Thresh,1879,0,1,1,1,4,14,0,0,0,0,0,0,0,0,0.1277,0.5748,7284,232.5918,0.146536,696.115,496.0617,11,0.3513,9,0.2874,13,29,0.926,8410,4301,137.339,0.172448,8175,160,29,131,100,0,5.1091,2972,3062,61,2753,2697,52,219,365,9,4407,5073,95,4566,82,-159,250,13
Spring,0,1,10.04,8,Red,mid,Jensen,Team Liquid,Zoe,Ornn,Senna,Sett,Braum,Thresh,1879,0,1,4,3,4,14,0,0,0,0,1,1,0,0,0.1277,0.5748,15060,480.8941,0.302969,494.9441,297.0623,12,0.3832,7,0.2235,6,27,0.8622,9983,5874,187.5679,0.235514,8950,249,237,12,12,0,7.951,3695,4864,89,2875,4406,64,820,458,25,5310,7176,135,4988,113,322,80,22
Spring,0,1,10.04,9,Red,bot,Doublelift,Team Liquid,Miss Fortune,Ornn,Senna,Sett,Braum,Thresh,1879,0,2,2,1,4,14,0,0,0,0,0,0,0,0,0.1277,0.5748,13062,417.0942,0.262775,288.0255,291.8893,11,0.3513,14,0.447,2,42,1.3411,12825,8716,278.3183,0.349458,11900,324,300,24,13,0,10.3459,3495,3244,97,3274,2985,89,221,259,8,5263,5622,150,6417,147,-1154,-128,3
Spring,0,1,10.04,10,Red,sup,CoreJJ,Team Liquid,Nautilus,Ornn,Senna,Sett,Braum,Thresh,1879,0,0,4,2,4,14,0,0,0,0,0,0,0,0,0.1277,0.5748,4774,152.4428,0.0960409,390.1437,577.7754,33,1.0538,9,0.2874,9,55,1.7563,5895,1786,57.0303,0.0716152,5625,28,28,0,0,0,0.8941,2095,2762,14,2094,2867,13,1,-105,1,2970,3438,18,3263,21,-293,-363,-3
Summer,0,1,10.15,6,Red,top,Impact,Team Liquid,Renekton,Volibear,Karma,Camille,Jayce,Gangplank,2288,1,6,2,5,18,9,1,0,0,0,0,0,0,0,0.472,0.708,18059,473.5752,0.236501,1059.4406,1367.5699,21,0.5507,4,0.1049,8,37,0.9703,16831,11888,311.7483,0.232043,16250,314,300,14,0,5,8.2343,3404,4908,71,2718,4191,64,686,717,7,5200,7910,124,4271,108,929,1186,16
Summer,0,1,10.15,7,Red,jng,Broxah,Team Liquid,Graves,Volibear,Karma,Camille,Jayce,Gangplank,2288,1,5,0,7,18,9,1,0,0,0,0,0,0,0,0.472,0.708,11296,296.2238,0.147933,442.5,416.722,13,0.3409,23,0.6031,13,72,1.8881,15530,10587,277.6311,0.206648,13050,283,57,226,119,48,7.4213,3521,3380,63,3223,3255,62,298,125,1,5387,5711,109,4635,92,752,654,17
Summer,0,1,10.15,8,Red,mid,Jensen,Team Liquid,LeBlanc,Volibear,Karma,Camille,Jayce,Gangplank,2288,1,6,5,4,18,9,0,0,0,0,0,0,0,1,0.472,0.708,25109,658.4528,0.328828,612.0892,462.8497,10,0.2622,14,0.3671,5,47,1.2325,16936,11993,314.5017,0.234092,14375,327,295,32,21,9,8.5752,3348,4843,87,3616,4455,88,-268,388,-1,5528,7461,143,5506,149,22,251,-6
Summer,0,1,10.15,9,Red,bot,Tactical,Team Liquid,Ashe,Volibear,Karma,Camille,Jayce,Gangplank,2288,1,1,0,7,18,9,0,0,0,0,0,0,0,0,0.472,0.708,18560,486.7133,0.243062,368.5752,281.4336,19,0.4983,23,0.6031,6,73,1.9143,17543,12600,330.4196,0.245941,15300,432,384,48,20,12,11.3287,3492,3179,101,3548,3454,99,-56,-275,2,5522,5865,167,5264,154,258,284,13
Summer,0,1,10.15,10,Red,sup,CoreJJ,Team Liquid,Tahm Kench,Volibear,Karma,Camille,Jayce,Gangplank,2288,1,0,2,4,18,9,0,0,0,0,0,0,0,0,0.472,0.708,3335,87.4563,0.0436753,400.9091,635.035,47,1.2325,14,0.3671,12,100,2.6224,9107,4164,109.1958,0.0812759,7550,35,35,0,0,0,0.9178,2091,2867,13,2091,2744,14,0,123,-1,3245,4107,23,2931,19,314,258,4
Spring,0,1,10.03,7,Red,jng,Broxah,Team Liquid,Elise,Aphelios,Yuumi,Soraka,Olaf,Lee Sin,2286,0,1,3,2,3,11,0,0,0,0,0,0,0,0,0.0787,0.3675,6275,164.6982,0.0905418,617.664,293.622,29,0.7612,11,0.2887,12,61,1.601,9412,4473,117.4016,0.134251,8450,150,16,134,107,0,3.937,2951,3324,65,3060,2853,56,-109,471,9,4329,4835,88,4378,75,-49,817,13
Spring,0,1,10.03,8,Red,mid,Jensen,Team Liquid,Viktor,Aphelios,Yuumi,Soraka,Olaf,Lee Sin,2286,0,0,0,3,3,11,0,0,0,0,0,0,0,0,0.0787,0.3675,23528,617.5328,0.339485,253.832,345.7743,16,0.4199,10,0.2625,9,44,1.1549,13596,8657,227.2178,0.25983,13460,350,321,29,14,8,9.1864,3587,5139,98,3262,4734,87,325,405,11,5343,7579,149,4912,134,431,123,15
Spring,0,1,10.03,9,Red,bot,Doublelift,Team Liquid,Ashe,Aphelios,Yuumi,Soraka,Olaf,Lee Sin,2286,0,1,2,0,3,11,0,0,0,0,0,0,0,0,0.0787,0.3675,20344,533.9633,0.293543,475.853,491.1811,10,0.2625,19,0.4987,5,63,1.6535,15707,10768,282.6247,0.323189,14975,418,374,44,37,0,10.9711,3804,3540,101,3459,3085,86,345,455,15,5746,5110,146,5468,133,278,274,13
Spring,0,1,10.03,10,Red,sup,CoreJJ,Team Liquid,Tahm Kench,Aphelios,Yuumi,Soraka,Olaf,Lee Sin,2286,0,0,1,2,3,11,0,0,0,0,0,0,0,0,0.0787,0.3675,5183,136.0367,0.0747854,698.7139,609.8425,52,1.3648,11,0.2887,12,88,2.3097,7575,2636,69.1864,0.0791157,7300,38,38,0,0,0,0.9974,2224,2774,13,2111,2758,12,113,16,1,3520,3872,21,3415,18,105,-263,3
Summer,0,1,10.14,1,Blue,top,Impact,Team Liquid,Kennen,Pantheon,Trundle,Karma,Olaf,Syndra,2089,0,0,3,0,2,12,0,0,0,0,0,0,0,1,0.0574,0.4021,11611,333.4897,0.300212,427.3241,319.3873,19,0.5457,5,0.1436,9,33,0.9478,10547,6010,172.6185,0.197101,10225,255,251,4,1,0,7.3241,2976,4253,71,3819,5315,96,-843,-1062,-25,4415,6763,112,5845,144,-1430,-1160,-32
Summer,0,1,10.14,2,Blue,jng,Broxah,Team Liquid,Volibear,Pantheon,Trundle,Karma,Olaf,Syndra,2089,0,0,2,2,2,12,0,0,0,0,0,0,0,0,0.0574,0.4021,2632,75.596,0.0680525,575.6151,714.0546,14,0.4021,11,0.3159,14,42,1.2063,9268,4731,135.8832,0.155154,9370,163,22,141,101,8,4.6817,2912,2782,54,3130,3031,58,-218,-249,-4,4449,4712,89,4720,89,-271,66,0
Summer,0,1,10.14,3,Blue,mid,Jensen,Team Liquid,Zoe,Pantheon,Trundle,Karma,Olaf,Syndra,2089,0,0,1,2,2,12,0,0,0,0,0,0,0,0,0.0574,0.4021,9527,273.6333,0.246328,269.5261,154.5811,13,0.3734,5,0.1436,6,29,0.8329,12977,8440,242.4126,0.276796,12850,338,316,22,18,4,9.708,3460,4993,91,3358,4691,91,102,302,0,5533,7851,148,5616,150,-83,311,-2
Summer,0,1,10.14,4,Blue,bot,Tactical,Team Liquid,Ezreal,Pantheon,Trundle,Karma,Olaf,Syndra,2089,0,2,3,0,2,12,1,0,0,0,0,0,0,0,0.0574,0.4021,12243,351.6419,0.316553,496.3715,407.2762,16,0.4596,9,0.2585,6,36,1.034,13648,9111,261.685,0.298802,14000,321,303,18,18,0,9.2197,3916,3748,91,3399,3093,91,517,655,0,6425,6374,149,5164,147,1261,467,2
Summer,0,1,10.14,5,Blue,sup,CoreJJ,Team Liquid,Bard,Pantheon,Trundle,Karma,Olaf,Syndra,2089,0,0,3,2,2,12,0,0,0,0,0,0,0,0,0.0574,0.4021,2663,76.4864,0.0688541,267.8028,180.9765,79,2.269,20,0.5744,17,118,3.3892,6737,2200,63.1881,0.0721467,6525,41,41,0,0,0,1.1776,1957,2324,8,2110,2597,12,-153,-273,-4,3037,3463,14,2957,16,80,514,-2
Spring,0,1,10.04,1,Blue,top,Impact,Team Liquid,Ornn,Rumble,Senna,Yuumi,Cassiopeia,Sejuani,3051,0,0,2,5,8,14,0,0,0,0,0,0,0,0,0.1573,0.4326,13739,270.1868,0.141301,741.6323,1122.8712,20,0.3933,9,0.177,2,40,0.7866,13149,6649,130.7571,0.143699,12700,242,238,4,1,2,4.7591,2845,4115,67,2741,3503,30,104,612,37,4462,6653,108,4136,50,326,1190,58
Spring,0,1,10.04,2,Blue,jng,Broxah,Team Liquid,Lee Sin,Rumble,Senna,Yuumi,Cassiopeia,Sejuani,3051,0,1,4,5,8,14,0,0,0,0,0,0,0,0,0.1573,0.4326,7768,152.763,0.0798914,756.3618,770.0098,30,0.59,9,0.177,17,62,1.2193,13176,6676,131.2881,0.144283,12600,207,45,162,113,8,4.0708,2990,3276,62,3320,3020,59,-330,256,3,4277,4745,87,5052,98,-775,-437,-11
Spring,0,1,10.04,3,Blue,mid,Jensen,Team Liquid,Viktor,Rumble,Senna,Yuumi,Cassiopeia,Sejuani,3051,0,3,1,2,8,14,0,0,0,0,0,0,0,0,0.1573,0.4326,43596,857.3451,0.448371,220.7866,302.6942,22,0.4326,11,0.2163,10,64,1.2586,20053,13553,266.529,0.292901,19300,451,381,70,56,5,8.8692,3156,4278,88,3710,4412,86,-554,-134,2,4778,6905,141,6073,138,-1295,-61,3
Spring,0,1,10.04,4,Blue,bot,Tactical,Team Liquid,Miss Fortune,Rumble,Senna,Yuumi,Cassiopeia,Sejuani,3051,0,4,4,4,8,14,1,0,0,0,1,1,0,0,0.1573,0.4326,25883,509.0069,0.266198,341.0226,424.8771,22,0.4326,28,0.5506,6,95,1.8682,21799,15299,300.8653,0.330634,19650,500,421,79,55,14,9.8328,3628,2708,73,3475,3571,86,153,-863,-13,5496,4987,130,5323,137,173,-899,-7
Spring,0,1,10.04,5,Blue,sup,CoreJJ,Team Liquid,Braum,Rumble,Senna,Yuumi,Cassiopeia,Sejuani,3051,0,0,3,8,8,14,0,0,0,0,1,0,1,0,0.1573,0.4326,6246,122.8319,0.0642381,545.3687,706.3127,72,1.4159,12,0.236,21,126,2.4779,10594,4094,80.5113,0.0884831,10375,43,41,2,2,0,0.8456,2321,2954,19,2458,2642,13,-137,312,6,3353,4093,27,3594,24,-241,118,3
Summer,0,1,10.11,1,Blue,top,Impact,Team Liquid,Mordekaiser,Sett,Graves,Ezreal,LeBlanc,Corki,2403,1,3,3,3,12,6,0,0,0,0,0,0,0,0,0.2996,0.4494,18464,461.0237,0.269827,620.3496,770.8115,22,0.5493,7,0.1748,9,37,0.9238,15010,9832,245.4931,0.214991,15425,314,298,16,8,0,7.8402,3125,4735,78,3253,4810,79,-128,-75,-1,4873,7706,130,4824,125,49,222,5
Summer,0,1,10.11,2,Blue,jng,Broxah,Team Liquid,Trundle,Sett,Graves,Ezreal,LeBlanc,Corki,2403,1,0,1,10,12,6,0,0,0,0,0,0,0,0,0.2996,0.4494,3506,87.5406,0.0512356,856.6792,697.2285,18,0.4494,13,0.3246,17,49,1.2235,11465,6287,156.9788,0.137477,10525,187,23,164,119,1,4.6692,2691,2676,52,3365,3612,78,-674,-936,-26,3878,3867,69,5490,122,-1612,-2319,-53
Summer,0,1,10.11,3,Blue,mid,Jensen,Team Liquid,Orianna,Sett,Graves,Ezreal,LeBlanc,Corki,2403,1,4,0,4,12,6,1,0,0,0,0,0,0,0,0.2996,0.4494,18953,473.2335,0.276973,252.4345,315.0062,18,0.4494,13,0.3246,10,40,0.9988,17535,12357,308.5393,0.270203,15300,393,365,28,28,0,9.8127,3401,4829,98,3176,4469,84,225,360,14,5561,7611,153,5539,124,22,1192,29
Summer,0,1,10.11,4,Blue,bot,Tactical,Team Liquid,Aphelios,Sett,Graves,Ezreal,LeBlanc,Corki,2403,1,5,1,4,12,6,1,0,0,0,1,1,0,0,0.2996,0.4494,24051,600.5243,0.351474,379.5006,763.5955,21,0.5243,13,0.3246,8,38,0.9488,18604,13426,335.231,0.293577,15750,416,378,38,38,0,10.387,3701,3472,90,3341,3418,90,360,54,0,5433,5487,129,5249,132,184,33,-3
Summer,0,1,10.11,5,Blue,sup,CoreJJ,Team Liquid,Braum,Sett,Graves,Ezreal,LeBlanc,Corki,2403,1,0,1,10,12,6,0,0,0,0,1,0,1,0,0.2996,0.4494,3455,86.2672,0.0504903,433.3333,458.6517,63,1.573,21,0.5243,17,115,2.8714,9008,3830,95.6305,0.0837524,7825,44,44,0,0,0,1.0986,2218,2461,11,2014,2443,12,204,18,-1,3240,3203,17,3390,20,-150,-428,-3
Summer,0,1,10.14,6,Red,top,Impact,Team Liquid,Mordekaiser,Twisted Fate,Olaf,Volibear,Jayce,Galio,1758,1,1,4,5,14,14,0,0,0,0,0,0,0,0,0.4778,0.9556,13272,452.9693,0.211898,678.3959,791.7747,13,0.4437,2,0.0683,5,26,0.8874,9590,5728,195.4949,0.166396,7325,194,184,10,9,0,6.6212,3130,4884,84,3570,4598,76,-440,286,8,4127,6575,107,5978,110,-1851,-735,-3
Summer,0,1,10.14,7,Red,jng,Broxah,Team Liquid,Trundle,Twisted Fate,Olaf,Volibear,Jayce,Galio,1758,1,0,1,14,14,14,0,0,0,0,0,0,0,0,0.4778,0.9556,6091,207.884,0.0972475,800.4096,720.4437,9,0.3072,16,0.5461,8,49,1.6724,10185,6323,215.802,0.18368,7950,170,52,118,72,5,5.802,3123,3897,70,3739,4049,72,-616,-152,-2,4527,5636,96,5916,115,-1389,-797,-19
Summer,0,1,10.14,8,Red,mid,Jensen,Team Liquid,Syndra,Twisted Fate,Olaf,Volibear,Jayce,Galio,1758,1,3,4,3,14,14,1,0,0,0,0,0,0,0,0.4778,0.9556,12465,425.4266,0.199013,330.1706,174.1638,11,0.3754,4,0.1365,5,34,1.1604,11705,7843,267.6792,0.227835,11605,243,226,17,13,0,8.2935,2867,3625,70,3570,4609,73,-703,-984,-3,4723,6662,133,6152,124,-1429,-1087,9
Summer,0,1,10.14,9,Red,bot,Tactical,Team Liquid,Ezreal,Twisted Fate,Olaf,Volibear,Jayce,Galio,1758,1,6,2,8,14,14,1,0,0,0,0,0,0,0,0.4778,0.9556,24836,847.6451,0.396526,533.5495,279.0102,13,0.4437,5,0.1706,3,21,0.7167,14125,10263,350.273,0.298134,11308,279,255,24,24,0,9.5222,3300,3007,82,2680,2744,39,620,263,43,5466,5420,135,3880,55,1586,1025,80
Summer,0,1,10.14,10,Red,sup,CoreJJ,Team Liquid,Blitzcrank,Twisted Fate,Olaf,Volibear,Jayce,Galio,1758,1,4,3,7,14,14,0,0,0,0,0,0,0,1,0.4778,0.9556,5970,203.7543,0.0953156,342.1502,331.2287,36,1.2287,8,0.273,7,79,2.6962,8129,4267,145.6314,0.123955,6175,32,32,0,0,0,1.0922,2426,2831,11,2527,2655,35,-101,176,-24,3815,4092,21,4082,49,-267,-518,-28
Summer,1,1,10.16,6,Red,top,Impact,Team Liquid,Ornn,Lucian,Caitlyn,Twisted Fate,Rakan,LeBlanc,2151,0,3,3,7,10,23,0,0,0,0,0,0,0,0,0.2789,0.9205,21512,600.0558,0.294298,1047.113,1428.1172,19,0.53,4,0.1116,7,31,0.8647,12358,7694,214.6165,0.214054,12125,245,245,0,0,0,6.834,2942,4442,71,3546,4474,85,-604,-32,-14,5057,7799,126,5293,139,-236,844,-13
Summer,1,1,10.16,7,Red,jng,Broxah,Team Liquid,Lee Sin,Lucian,Caitlyn,Twisted Fate,Rakan,LeBlanc,2151,0,1,3,6,10,23,0,0,0,0,0,0,0,0,0.2789,0.9205,4817,134.3654,0.0658996,852.357,837.5453,17,0.4742,11,0.3068,9,38,1.06,11257,6593,183.9052,0.183425,11150,202,34,168,125,0,5.6346,3194,3484,67,3314,3308,65,-120,176,2,4581,5128,97,5303,111,-722,-889,-14
Summer,1,1,10.16,8,Red,mid,Jensen,Team Liquid,Azir,Lucian,Caitlyn,Twisted Fate,Rakan,LeBlanc,2151,0,2,5,3,10,23,0,0,0,0,0,0,0,0,0.2789,0.9205,15741,439.0795,0.215347,568.3124,360,15,0.4184,17,0.4742,7,67,1.8689,13299,8635,240.8647,0.240233,13260,309,289,20,8,4,8.6192,3077,4609,78,3379,4784,91,-302,-175,-13,5660,7983,150,5669,152,-9,184,-2
Summer,1,1,10.16,9,Red,bot,Tactical,Team Liquid,Ashe,Lucian,Caitlyn,Twisted Fate,Rakan,LeBlanc,2151,0,2,7,7,10,23,0,0,0,0,0,0,0,1,0.2789,0.9205,23997,669.3724,0.328294,598.8285,426.6109,13,0.3626,8,0.2232,3,36,1.0042,13714,9050,252.4407,0.251778,13575,307,291,16,16,0,8.5635,3420,3044,78,3386,3083,75,34,-39,3,5535,5010,129,5271,124,264,-810,5
Summer,1,1,10.16,10,Red,sup,CoreJJ,Team Liquid,Braum,Lucian,Caitlyn,Twisted Fate,Rakan,LeBlanc,2151,0,2,5,6,10,23,0,0,0,0,0,0,0,0,0.2789,0.9205,7029,196.0669,0.0961612,581.841,566.4993,49,1.3668,19,0.53,16,87,2.4268,8636,3972,110.795,0.11051,7550,46,46,0,0,0,1.2831,2165,2572,18,2206,2193,11,-41,379,7,3543,3852,25,3253,19,290,453,6
Summer,1,2,10.16,1,Blue,top,Impact,Team Liquid,Ornn,Lucian,Nidalee,Shen,Orianna,Jayce,2164,1,3,2,8,17,8,0,0,0,0,1,0,1,0,0.4713,0.6932,19151,530.9889,0.232274,845.5176,1243.1146,14,0.3882,4,0.1109,8,39,1.0813,12183,7493,207.7542,0.164851,10950,233,231,2,2,0,6.4603,3186,4816,81,2824,4613,67,362,203,14,4719,7471,121,4725,127,-6,-294,-6
Summer,1,2,10.16,2,Blue,jng,Broxah,Team Liquid,Hecarim,Lucian,Nidalee,Shen,Orianna,Jayce,2164,1,2,3,8,17,8,0,0,0,0,1,1,0,0,0.4713,0.6932,11153,309.2329,0.13527,889.963,701.4787,9,0.2495,11,0.305,9,51,1.414,12838,8148,225.915,0.179262,11558,229,19,210,131,14,6.3494,3508,3410,65,3368,3953,80,140,-543,-15,4972,4858,92,4927,117,45,-1355,-25
Summer,1,2,10.16,3,Blue,mid,Jensen,Team Liquid,Twisted Fate,Lucian,Nidalee,Shen,Orianna,Jayce,2164,1,7,1,9,17,8,2,0,0,0,1,0,1,0,0.4713,0.6932,23984,664.9908,0.290891,616.2754,265.0092,10,0.2773,7,0.1941,2,35,0.9704,19022,14332,397.3752,0.315317,19100,362,335,27,22,4,10.037,3877,4927,96,3256,4466,85,621,461,11,6222,8094,154,5343,149,879,428,5
Summer,1,2,10.16,4,Blue,bot,Tactical,Team Liquid,Ashe,Lucian,Nidalee,Shen,Orianna,Jayce,2164,1,3,1,10,17,8,1,0,0,0,1,0,1,0,0.4713,0.6932,20960,581.146,0.254215,347.2458,182.1072,16,0.4436,13,0.3604,5,60,1.6636,15818,11128,308.5397,0.244825,13325,358,337,21,18,2,9.9261,3385,3519,92,3479,3777,95,-94,-258,-3,5529,5707,143,5311,135,218,-103,8
Summer,1,2,10.16,5,Blue,sup,CoreJJ,Team Liquid,Thresh,Lucian,Nidalee,Shen,Orianna,Jayce,2164,1,2,1,11,17,8,0,0,0,0,1,0,1,0,0.4713,0.6932,7202,199.6858,0.0873499,350.5453,318.9649,48,1.3309,19,0.5268,13,107,2.9667,9042,4352,120.6654,0.0957454,7775,44,44,0,0,0,1.22,2090,2630,10,2029,2170,13,61,460,-3,3707,3940,22,2779,16,928,1089,6
Summer,1,3,10.16,6,Red,top,Impact,Team Liquid,Sett,Lucian,Nidalee,Renekton,Zilean,Orianna,2074,1,1,0,7,14,2,0,0,0,0,0,0,0,0,0.405,0.4629,14600,422.3722,0.244921,820.9354,1037.4446,16,0.4629,8,0.2314,6,31,0.8968,13420,8913,257.8496,0.210948,12900,263,256,7,1,0,7.6085,3411,4518,79,2635,4147,62,776,371,17,5727,7580,127,3923,93,1804,1256,34
Summer,1,3,10.16,7,Red,jng,Broxah,Team Liquid,Trundle,Lucian,Nidalee,Renekton,Zilean,Orianna,2074,1,2,0,8,14,2,0,0,0,0,0,0,0,0,0.405,0.4629,4437,128.3607,0.0744326,715.8631,742.7965,9,0.2604,9,0.2604,9,45,1.3018,10870,6363,184.0791,0.150599,10025,155,27,128,82,8,4.4841,3453,3636,55,3447,3881,77,6,-245,-22,5328,5562,93,4644,101,684,116,-8
Summer,1,3,10.16,8,Red,mid,Jensen,Team Liquid,Twisted Fate,Lucian,Nidalee,Renekton,Zilean,Orianna,2074,1,5,0,6,14,2,1,0,0,0,0,0,0,0,0.405,0.4629,20405,590.3086,0.342303,322.1311,184.1659,12,0.3472,1,0.0289,2,26,0.7522,16474,11967,346.2006,0.283225,15950,298,266,32,9,17,8.621,4118,4916,96,3035,4384,76,1083,532,20,5977,7694,141,5032,130,945,575,11
Summer,1,3,10.16,9,Red,bot,Tactical,Team Liquid,Ashe,Lucian,Nidalee,Renekton,Zilean,Orianna,2074,1,3,2,9,14,2,0,0,0,0,0,0,0,1,0.405,0.4629,16365,473.433,0.27453,338.65,175.4002,12,0.3472,15,0.4339,4,47,1.3597,14921,10414,301.2729,0.246471,12105,314,274,40,24,11,9.0839,3177,3405,79,3769,3430,94,-592,-25,-15,5139,5245,122,5859,151,-720,-562,-29
Summer,1,3,10.16,10,Red,sup,CoreJJ,Team Liquid,Thresh,Lucian,Nidalee,Renekton,Zilean,Orianna,2074,1,3,0,8,14,2,0,0,0,0,0,0,0,0,0.405,0.4629,3804,110.0482,0.0638137,243.1533,200.54,44,1.2729,15,0.4339,15,90,2.6037,9102,4595,132.9315,0.108757,8125,49,49,0,0,0,1.4176,2440,2836,19,2136,2860,12,304,-24,7,3694,4152,28,3445,18,249,139,10
Summer,1,4,10.16,6,Red,top,Impact,Team Liquid,Ornn,Lucian,Nidalee,Caitlyn,Tahm Kench,Leona,3003,0,1,5,8,13,21,0,0,0,0,0,0,0,0,0.2597,0.6793,15362,306.9331,0.140671,1168.971,1610.3497,27,0.5395,9,0.1798,10,66,1.3187,15165,8763,175.0849,0.182229,14000,291,289,2,2,0,5.8142,3191,4894,81,3510,4844,91,-319,50,-10,4431,6616,110,5559,127,-1128,-384,-17
Summer,1,4,10.16,7,Red,jng,Broxah,Team Liquid,Lillia,Lucian,Nidalee,Caitlyn,Tahm Kench,Leona,3003,0,6,3,6,13,21,1,0,0,0,1,0,1,0,0.2597,0.6793,29607,591.5485,0.271114,812.008,605.5145,45,0.8991,18,0.3596,17,96,1.9181,16474,10072,201.2388,0.209449,15525,269,50,219,138,26,5.3746,3557,3592,69,3434,3696,65,123,-104,4,5219,5568,99,5182,93,37,-295,6
Summer,1,4,10.16,8,Red,mid,Jensen,Team Liquid,Zilean,Lucian,Nidalee,Caitlyn,Tahm Kench,Leona,3003,0,2,1,7,13,21,0,0,0,0,1,0,1,0,0.2597,0.6793,22944,458.4216,0.2101,450.7293,238.9011,21,0.4196,10,0.1998,7,46,0.9191,17203,10801,215.8042,0.224608,17175,370,354,16,12,4,7.3926,3224,4750,81,3401,4950,97,-177,-200,-16,5121,7511,134,5147,146,-26,-123,-12
Summer,1,4,10.16,9,Red,bot,Tactical,Team Liquid,Ashe,Lucian,Nidalee,Caitlyn,Tahm Kench,Leona,3003,0,4,7,7,13,21,1,0,0,0,1,1,0,0,0.2597,0.6793,34176,682.8372,0.312953,847.3726,523.8162,16,0.3197,30,0.5994,3,89,1.7782,20779,14377,287.2527,0.29897,21275,448,368,80,51,19,8.951,3788,3470,92,3229,3013,83,559,457,9,5553,5269,119,6336,115,-783,369,4
Summer,1,4,10.16,10,Red,sup,CoreJJ,Team Liquid,Nautilus,Lucian,Nidalee,Caitlyn,Tahm Kench,Leona,3003,0,0,5,10,13,21,0,0,0,0,1,0,1,0,0.2597,0.6793,7116,142.1778,0.0651619,927.6523,1237.4026,87,1.7383,19,0.3796,29,157,3.1369,10477,4075,81.4186,0.0847438,10100,47,43,4,0,0,0.9391,2192,2809,16,2004,2649,13,188,160,3,3179,3488,22,3272,21,-93,-596,1
Summer,1,5,10.16,1,Blue,top,Impact,Team Liquid,Gangplank,Lucian,Nidalee,Senna,Hecarim,Jayce,2521,0,1,5,6,9,17,0,0,0,0,0,0,0,0,0.2142,0.6188,21194,504.4189,0.332179,609.401,496.9695,20,0.476,2,0.0476,7,34,0.8092,15505,10087,240.0714,0.228447,14458,315,306,9,2,0,7.497,3412,4186,55,3161,4284,70,251,-98,-15,5328,6872,102,5165,125,163,-289,-23
Summer,1,5,10.16,2,Blue,jng,Broxah,Team Liquid,Graves,Lucian,Nidalee,Senna,Hecarim,Jayce,2521,0,5,3,3,9,17,1,0,0,0,0,0,0,0,0.2142,0.6188,9512,226.3864,0.149084,475.6922,336.4379,16,0.3808,36,0.8568,13,91,2.1658,14409,8991,213.9865,0.203624,14150,268,71,197,140,9,6.3784,4187,3263,60,2878,2597,49,1309,666,11,6210,5384,100,4757,100,1453,-495,0
Summer,1,5,10.16,3,Blue,mid,Jensen,Team Liquid,Orianna,Lucian,Nidalee,Senna,Hecarim,Jayce,2521,0,2,2,4,9,17,0,0,0,0,0,0,0,0,0.2142,0.6188,15248,362.9036,0.238986,301.6898,351.8366,18,0.4284,8,0.1904,8,41,0.9758,16636,11218,266.9893,0.254062,15400,413,381,32,28,4,9.8294,3437,4871,91,3706,4798,79,-269,73,12,5581,8201,156,5544,139,37,84,17
Summer,1,5,10.16,4,Blue,bot,Tactical,Team Liquid,Jhin,Lucian,Nidalee,Senna,Hecarim,Jayce,2521,0,1,2,6,9,17,0,0,0,0,0,0,0,0,0.2142,0.6188,14881,354.169,0.233234,391.3923,245.831,19,0.4522,14,0.3332,5,52,1.2376,16620,11202,266.6085,0.2537,16375,394,382,12,8,0,9.3772,3511,3425,77,3539,2965,79,-28,460,-2,5505,5497,129,5397,135,108,72,-6
Summer,1,5,10.16,5,Blue,sup,CoreJJ,Team Liquid,Thresh,Lucian,Nidalee,Senna,Hecarim,Jayce,2521,0,0,5,6,9,17,0,0,0,0,0,0,0,1,0.2142,0.6188,2968,70.6386,0.0465182,370.353,250.5196,64,1.5232,18,0.4284,21,127,3.0226,8075,2657,63.2368,0.0601674,7925,40,40,0,0,0,0.952,2036,2076,10,2236,2630,16,-200,-554,-6,3221,3385,18,3305,28,-84,-319,-10
Summer,0,1,10.14,1,Blue,top,Impact,Team Liquid,Mordekaiser,Rumble,Ashe,Ezreal,Wukong,Gangplank,1920,1,1,6,10,17,8,0,0,0,0,0,0,0,1,0.5313,0.7813,17086,533.9375,0.244862,847.5625,859.625,17,0.5313,7,0.2188,7,51,1.5938,12767,8575,267.9688,0.204796,12325,252,232,20,10,5,7.875,3042,4881,72,3150,4144,64,-108,737,8,4914,7512,117,4825,103,89,433,14
Summer,0,1,10.14,2,Blue,jng,Broxah,Team Liquid,Lee Sin,Rumble,Ashe,Ezreal,Wukong,Gangplank,1920,1,3,0,12,17,8,0,0,0,0,0,0,0,0,0.5313,0.7813,6876,214.875,0.0985411,825.1875,808.8438,19,0.5938,4,0.125,11,36,1.125,10665,6473,202.2813,0.154592,9350,155,16,139,72,19,4.8438,3277,3197,60,3185,3412,62,92,-215,-2,5085,5312,93,5089,95,-4,-832,-2
Summer,0,1,10.14,3,Blue,mid,Jensen,Team Liquid,Azir,Rumble,Ashe,Ezreal,Wukong,Gangplank,1920,1,8,2,7,17,8,2,1,0,0,0,0,0,0,0.5313,0.7813,25507,797.0938,0.365545,470.0313,293.7188,14,0.4375,11,0.3438,6,44,1.375,16591,12399,387.4688,0.296128,15150,328,280,48,25,15,10.25,4134,5030,98,3048,4264,75,1086,766,23,6543,7702,153,5367,125,1176,724,28
Summer,0,1,10.14,4,Blue,bot,Tactical,Team Liquid,Kalista,Rumble,Ashe,Ezreal,Wukong,Gangplank,1920,1,5,0,6,17,8,1,1,0,0,0,0,0,0,0.5313,0.7813,12378,386.8125,0.177391,241.5,353.4375,17,0.5313,8,0.25,5,43,1.3438,14754,10562,330.0625,0.252253,12825,328,274,54,29,24,10.25,3711,4011,103,3152,3439,78,559,572,25,5631,7149,165,4883,128,748,1231,37
Summer,0,1,10.14,5,Blue,sup,CoreJJ,Team Liquid,Bard,Rumble,Ashe,Ezreal,Wukong,Gangplank,1920,1,0,0,15,17,8,0,0,0,0,0,0,0,0,0.5313,0.7813,7931,247.8438,0.11366,236.8438,120.0313,73,2.2813,27,0.8438,13,138,4.3125,8054,3862,120.6875,0.0922305,7325,42,42,0,0,0,1.3125,2089,2322,10,1994,2149,13,95,173,-3,3136,3329,19,3047,25,89,31,-6
Summer,0,1,10.13,1,Blue,top,Impact,Team Liquid,Ornn,Trundle,Olaf,Ezreal,Braum,Kog'Maw,2589,1,1,0,9,13,9,0,0,0,0,0,0,0,0,0.3013,0.5098,17742,411.1703,0.253164,823.4299,2009.409,20,0.4635,14,0.3244,5,54,1.2514,16581,11024,255.4809,0.235732,15205,360,353,7,1,0,8.343,3578,4884,88,3053,4702,80,525,182,8,6011,7657,138,5957,126,54,345,12
Summer,0,1,10.13,2,Blue,jng,Broxah,Team Liquid,Lee Sin,Trundle,Olaf,Ezreal,Braum,Kog'Maw,2589,1,4,3,5,13,9,1,0,0,0,0,0,0,1,0.3013,0.5098,7363,170.6373,0.105064,748.5747,902.4334,23,0.533,9,0.2086,13,49,1.1356,12787,7230,167.555,0.154602,12850,199,14,185,126,7,4.6118,3088,3240,64,2752,2772,55,336,468,9,4822,5256,93,4827,77,-5,1192,16
Summer,0,1,10.13,3,Blue,mid,Jensen,Team Liquid,Azir,Trundle,Olaf,Ezreal,Braum,Kog'Maw,2589,1,3,3,5,13,9,0,0,0,0,0,0,0,0,0.3013,0.5098,16121,373.6037,0.230034,363.8702,212.6767,18,0.4171,17,0.394,7,54,1.2514,15998,10441,241.9699,0.223266,13475,337,301,36,36,0,7.81,3361,5119,96,3326,4826,91,35,293,5,5393,7788,151,5147,139,246,284,12
Summer,0,1,10.13,4,Blue,bot,Tactical,Team Liquid,Aphelios,Trundle,Olaf,Ezreal,Braum,Kog'Maw,2589,1,4,1,7,13,9,0,0,0,0,0,0,0,0,0.3013,0.5098,24186,560.5098,0.345115,290.9154,485.3071,19,0.4403,29,0.6721,8,63,1.46,19750,14193,328.9224,0.303498,17600,460,419,41,34,0,10.6605,3272,3688,87,3415,3280,91,-143,408,-4,5701,6012,134,5394,144,307,373,-10
Summer,0,1,10.13,5,Blue,sup,CoreJJ,Team Liquid,Thresh,Trundle,Olaf,Ezreal,Braum,Kog'Maw,2589,1,1,2,9,13,9,0,0,0,0,0,0,0,0,0.3013,0.5098,4669,108.2039,0.0666229,358.3778,277.4739,73,1.6918,28,0.6489,21,128,2.9664,9434,3877,89.8494,0.0829019,7625,48,48,0,0,0,1.1124,2029,2355,13,2199,2619,14,-170,-264,-1,3280,3786,20,3220,22,60,-60,-2
Spring,0,1,10.04,1,Blue,top,Impact,Team Liquid,Sett,Xayah,Senna,Aphelios,Olaf,Cassiopeia,1741,1,0,0,0,9,0,0,0,0,0,0,0,0,0,0.3102,0.3102,8593,296.1401,0.210011,439.0925,561.367,12,0.4136,3,0.1034,3,23,0.7926,10360,6533,225.1465,0.1818,9458,240,236,4,0,0,8.2711,3089,4740,76,3056,4884,74,33,-144,2,4783,7212,119,4671,125,112,-537,-6
Spring,0,1,10.04,2,Blue,jng,Broxah,Team Liquid,Sejuani,Xayah,Senna,Aphelios,Olaf,Cassiopeia,1741,1,1,0,5,9,0,0,0,0,0,0,0,0,0,0.3102,0.3102,4777,164.6295,0.116749,629.3969,599.3452,9,0.3102,10,0.3446,9,44,1.5164,9565,5738,197.7484,0.159676,8375,150,21,129,61,13,5.1694,3186,3156,58,2845,2806,54,341,350,4,4709,4995,84,4235,85,474,517,-1
Spring,0,1,10.04,3,Blue,mid,Jensen,Team Liquid,Syndra,Xayah,Senna,Aphelios,Olaf,Cassiopeia,1741,1,3,0,2,9,0,0,0,0,0,0,0,0,0,0.3102,0.3102,9605,331.0167,0.234744,254.1987,128.7881,13,0.448,5,0.1723,7,25,0.8616,12445,8618,297.0017,0.239823,9825,302,276,26,16,10,10.4078,3492,4943,99,3215,4794,84,277,149,15,5539,7612,155,4962,134,577,321,21
Spring,0,1,10.04,4,Blue,bot,Tactical,Team Liquid,Kalista,Xayah,Senna,Aphelios,Olaf,Cassiopeia,1741,1,5,0,1,9,0,0,0,0,0,1,1,0,0,0.3102,0.3102,14749,508.2941,0.360461,307.8576,380.2642,15,0.5169,2,0.0689,8,23,0.7926,15032,11205,386.1574,0.311817,12375,295,262,33,16,10,10.1666,3983,3178,88,2881,2658,70,1102,520,18,6450,5219,145,4352,109,2098,842,36
Spring,0,1,10.04,5,Blue,sup,CoreJJ,Team Liquid,Taric,Xayah,Senna,Aphelios,Olaf,Cassiopeia,1741,1,0,0,8,9,0,0,0,0,0,1,0,1,0,0.3102,0.3102,3193,110.0402,0.078036,440.1608,347.2487,30,1.0339,10,0.3446,7,73,2.5158,7668,3841,132.3722,0.106884,6825,34,34,0,0,0,1.1717,2318,2926,14,1927,2274,1,391,652,13,3794,4154,23,2647,1,1147,293,22
Summer,0,1,10.15,6,Red,top,Impact,Team Liquid,Ornn,Karma,Twisted Fate,Corki,Malphite,Galio,2691,1,1,2,11,21,6,0,0,0,0,0,0,0,0,0.4682,0.602,16319,363.8573,0.144914,826.3768,1408.8071,20,0.4459,9,0.2007,5,44,0.981,15132,9367,208.8517,0.169486,13975,284,281,3,3,0,6.3322,3216,4568,86,3072,4455,75,144,113,11,4877,7271,135,4878,124,-1,138,11
Summer,0,1,10.15,7,Red,jng,Broxah,Team Liquid,Volibear,Karma,Twisted Fate,Corki,Malphite,Galio,2691,1,3,1,9,21,6,1,0,0,0,0,0,0,0,0.4682,0.602,11835,263.8796,0.105095,709.5652,1060.5574,15,0.3344,15,0.3344,14,66,1.4716,14472,8707,194.136,0.157543,12550,217,28,189,98,19,4.8384,3013,3465,65,3417,3575,64,-404,-110,1,4788,6187,107,5263,92,-475,976,15
Summer,0,1,10.15,8,Red,mid,Jensen,Team Liquid,Akali,Karma,Twisted Fate,Corki,Malphite,Galio,2691,1,9,0,8,21,6,3,1,0,0,0,0,0,0,0.4682,0.602,31558,703.6343,0.280237,599.019,343.9911,21,0.4682,9,0.2007,13,56,1.2486,21464,15699,350.0334,0.284059,19875,391,361,30,20,5,8.7179,3397,4719,93,3152,4204,80,245,515,13,5631,7739,149,5299,141,332,226,8
Summer,0,1,10.15,9,Red,bot,Tactical,Team Liquid,Ashe,Karma,Twisted Fate,Corki,Malphite,Galio,2691,1,5,3,12,21,6,0,0,0,0,1,0,1,0,0.4682,0.602,44678,996.165,0.396743,483.2107,250.9476,14,0.3122,23,0.5128,2,58,1.2932,21430,15665,349.2754,0.283444,18080,459,394,65,47,13,10.2341,3196,3172,75,3292,3025,84,-96,147,-9,5169,5232,123,6032,127,-863,489,-4
Summer,0,1,10.15,10,Red,sup,CoreJJ,Team Liquid,Thresh,Karma,Twisted Fate,Corki,Malphite,Galio,2691,1,3,0,11,21,6,0,0,0,0,1,1,0,0,0.4682,0.602,8222,183.3222,0.0730118,190.9922,199.4649,71,1.5831,25,0.5574,19,141,3.1438,11594,5829,129.9666,0.105468,10325,54,54,0,0,0,1.204,2469,2531,11,2181,2734,13,288,-203,-2,3584,3753,22,3710,21,-126,146,1
Summer,0,1,10.15,1,Blue,top,Impact,Team Liquid,Shen,Caitlyn,Twisted Fate,Sett,LeBlanc,Galio,2142,1,2,1,5,9,3,0,0,0,0,1,0,1,0,0.2521,0.3361,6430,180.112,0.14764,623.5854,1097.6751,14,0.3922,1,0.028,3,30,0.8403,13105,8460,236.9748,0.200922,11850,273,267,6,5,0,7.6471,2870,4433,65,2985,4401,66,-115,32,-1,4382,6787,102,5650,126,-1268,-848,-24
Summer,0,1,10.15,2,Blue,jng,Broxah,Team Liquid,Graves,Caitlyn,Twisted Fate,Sett,LeBlanc,Galio,2142,1,3,0,6,9,3,0,0,0,0,1,0,1,0,0.2521,0.3361,8485,237.6751,0.194825,431.4286,397.9272,11,0.3081,16,0.4482,11,59,1.6527,13725,9080,254.3417,0.215647,12010,250,30,220,136,22,7.0028,3367,3842,74,2966,3051,61,401,791,13,5501,5942,113,4588,94,913,450,19
Summer,0,1,10.15,3,Blue,mid,Jensen,Team Liquid,Syndra,Caitlyn,Twisted Fate,Sett,LeBlanc,Galio,2142,1,1,1,5,9,3,0,0,0,0,1,0,1,0,0.2521,0.3361,11613,325.2941,0.266647,273.8375,158.7395,15,0.4202,15,0.4202,6,58,1.6246,14070,9425,264.0056,0.223841,13100,347,317,30,20,6,9.7199,3517,5012,96,3286,4688,88,231,324,8,5474,7935,153,5270,151,204,29,2
Summer,0,1,10.15,4,Blue,bot,Tactical,Team Liquid,Ashe,Caitlyn,Twisted Fate,Sett,LeBlanc,Galio,2142,1,2,1,6,9,3,0,0,0,0,1,0,1,0,0.2521,0.3361,15104,423.0812,0.346804,459.6359,239.7759,17,0.4762,19,0.5322,6,67,1.8768,15497,10852,303.9776,0.257732,14000,349,327,22,16,1,9.7759,3178,3174,81,3181,3210,82,-3,-36,-1,5794,5905,145,5427,131,367,650,14
Summer,0,1,10.15,5,Blue,sup,CoreJJ,Team Liquid,Thresh,Caitlyn,Twisted Fate,Sett,LeBlanc,Galio,2142,1,1,0,8,9,3,0,0,0,0,1,1,0,0,0.2521,0.3361,1920,53.7815,0.0440852,283.7815,235.4062,53,1.4846,18,0.5042,13,121,3.3894,8934,4289,120.1401,0.101859,8275,39,39,0,0,0,1.0924,2501,2222,12,2100,2388,15,401,-166,-3,4171,3359,23,3959,26,212,-247,-3
